Area_sqft,Bedrooms,Bathrooms,Floors,YearBuilt,DistanceToCityCenter_km,Parking,Garden,QualityScore,Price
1660.0,4,4,2,2013,6.8,1,1,8.0,6179794
2444.0,4,4,2,2005,13.68,1,1,8.0,6500000
594.0,2,3,3,2002,19.76,1,0,8.0,3391822
873.0,2,2,2,1995,12.82,1,0,2.0,3349533
2341.0,4,4,1,2021,10.36,1,0,4.0,6000694
1247.0,2,2,1,2017,18.77,1,0,5.0,4258380
2243.0,5,4,1,2019,13.85,0,0,3.0,6031634
1668.0,3,3,2,1994,15.08,1,0,8.0,5394515
2204.0,5,4,1,2009,8.74,1,0,9.0,6500000
1078.0,1,1,1,1991,15.07,1,1,10.0,4657207
1934.0,4,4,1,1998,12.29,1,1,4.0,5810369
1513.0,3,3,1,2016,1.04,0,0,6.0,5390499
1882.0,3,4,2,2010,1.79,1,0,2.0,5074095
1733.0,3,3,3,2023,22.88,0,0,3.0,4414652
1276.0,3,3,2,2015,19.31,0,0,6.0,4801758
1829.0,4,4,1,1996,2.16,1,1,9.0,6207803
589.0,2,3,1,2017,19.19,1,1,5.0,3922556
837.0,2,2,1,2006,12.65,1,0,3.0,3218259
1276.0,2,2,1,1990,5.04,1,0,8.0,4744116
2348.0,5,4,1,2009,11.47,1,1,6.0,6500000
887.0,2,3,1,2021,13.71,1,1,1.0,3272862
2446.0,4,4,1,2000,12.55,0,0,5.0,6129088
2445.0,5,4,2,2007,8.03,0,0,8.0,6500000
1917.0,3,4,1,2011,19.31,1,0,5.0,5273159
785.0,2,2,1,2015,4.56,0,1,7.0,3930467
1322.0,3,4,1,2017,9.78,1,1,10.0,5864202
899.0,2,3,1,2011,9.71,1,1,2.0,3795471
1824.0,4,4,2,2002,1.16,1,0,9.0,6399474
,2,2,2,2010,6.06,1,0,1.0,4493190
1365.0,2,2,1,2002,3.67,1,1,1.0,4136397
2426.0,5,4,2,2001,23.03,0,1,4.0,6299015
952.0,2,2,1,2006,19.25,1,0,7.0,4135547
2406.0,4,4,2,2008,9.68,0,0,10.0,6500000
1559.0,3,4,1,2017,17.52,1,0,9.0,5356394
1655.0,4,4,2,1992,12.51,1,0,4.0,5159671
1108.0,3,4,1,2024,18.54,0,0,6.0,4665541
1455.0,2,3,2,1998,20.55,1,1,8.0,4959722
627.0,2,2,1,2003,1.61,1,0,9.0,4019887
1372.0,3,4,1,2006,12.35,1,0,6.0,4758824
1141.0,2,3,1,2019,19.82,1,1,8.0,4847774
644.0,1,1,1,1997,10.82,0,0,8.0,3690824
1846.0,3,4,2,2006,3.35,1,0,10.0,6500000
2215.0,4,4,1,2008,5.59,0,1,6.0,6500000
1531.0,2,2,1,1991,17.34,0,1,8.0,5140816
1140.0,2,3,2,2014,12.31,1,0,9.0,4617455
1229.0,3,4,1,2008,2.28,0,0,3.0,4415525
2125.0,4,4,2,1993,3.26,0,1,10.0,6500000
1934.0,4,4,1,2020,7.79,1,0,7.0,6279001
1372.0,3,4,2,1998,3.48,0,0,7.0,5125567
1376.0,2,2,2,2008,3.79,1,0,6.0,4986253
2323.0,4,4,3,2007,7.79,1,0,4.0,6500000
1325.0,3,4,1,2023,23.38,0,1,2.0,3881695
2028.0,3,4,2,1999,16.82,0,0,9.0,6228812
2148.0,3,4,1,2011,14.11,1,1,10.0,6500000
819.0,1,1,1,2003,17.54,1,0,1.0,2825684
1290.0,2,2,1,1999,19.25,1,0,10.0,4753316
949.0,2,3,1,1999,16.89,0,1,8.0,4212785
2377.0,5,4,2,1995,10.79,1,0,1.0,6344597
1903.0,4,4,2,2011,20.58,1,1,2.0,5318252
1746.0,4,4,1,2017,19.47,1,0,9.0,5585611
1847.0,3,3,1,2012,9.59,0,1,7.0,5878100
629.0,2,2,2,2004,22.41,1,0,3.0,3211254
554.0,2,2,1,2004,4.67,0,0,2.0,2836198
1290.0,2,2,1,1999,19.25,1,0,10.0,4753316
2029.0,4,4,1,2001,13.35,0,0,8.0,6051522
1962.0,3,3,1,2010,16.75,1,0,2.0,4813113
589.0,1,1,1,2023,11.89,1,0,1.0,2820402
2470.0,5,4,1,2014,13.33,0,0,3.0,5640210
630.0,2,2,1,1999,13.91,0,0,8.0,3407282
1666.0,4,4,1,1997,19.67,1,0,3.0,4781458
580.0,1,2,2,2018,6.86,1,0,4.0,3423324
2229.0,4,4,2,1994,20.81,0,0,10.0,6331623
2408.0,4,4,2,2013,1.13,0,0,9.0,6500000
2355.0,5,4,3,2006,18.19,1,0,7.0,6500000
1715.0,4,4,1,2010,18.73,1,0,5.0,5159225
1540.0,3,3,2,2006,11.85,1,0,7.0,5654788
817.0,1,2,1,2009,,0,1,9.0,3303947
2257.0,5,4,2,1997,16.45,1,0,2.0,5833514
1348.0,3,4,1,2004,8.02,1,0,6.0,5232877
788.0,1,2,1,2002,14.41,0,1,10.0,4140773
1230.0,2,3,2,1998,13.57,1,1,10.0,5220141
2343.0,5,4,1,1991,11.95,1,0,8.0,6500000
715.0,2,3,1,2006,9.55,1,0,1.0,3326018
1752.0,3,3,2,2022,5.34,1,0,8.0,6430588
1175.0,2,2,1,2008,18.44,1,0,4.0,4173068
1144.0,3,3,2,2013,18.35,1,1,10.0,5064781
2023.0,4,4,1,2004,24.66,0,1,3.0,5011434
2305.0,5,4,1,2005,10.25,0,0,8.0,6500000
1909.0,3,3,1,2017,14.72,1,1,8.0,6069872
1576.0,2,2,1,2022,13.65,1,1,3.0,4421408
1483.0,2,2,1,2022,2.9,1,0,7.0,5373512
1540.0,3,3,1,2018,11.02,0,0,10.0,5651626
1812.0,4,4,1,1990,12.41,1,0,10.0,5651864
741.0,1,2,1,2021,16.09,0,1,7.0,3745201
2363.0,4,4,1,2009,8.61,1,0,1.0,6111581
1502.0,2,2,2,2016,13.32,0,1,10.0,5335970
528.0,1,1,1,2014,1.76,1,0,10.0,4271072
2186.0,4,4,1,2016,12.59,1,0,8.0,6500000
1971.0,3,4,2,2016,15.8,1,0,,6263319
2310.0,5,4,2,1991,7.71,1,0,5.0,6289630
2071.0,4,4,1,2013,12.93,0,0,9.0,6500000
2007.0,3,3,2,2004,22.37,1,0,6.0,5465968
1872.0,4,4,1,2013,1.13,1,0,10.0,6500000
901.0,1,2,2,1993,4.81,0,0,10.0,4381092
2474.0,5,4,1,1990,19.61,0,0,10.0,6500000
2426.0,5,4,2,2000,10.89,0,1,2.0,6300157
1262.0,2,2,1,2000,16.33,1,1,3.0,4055829
826.0,1,1,3,1995,4.34,1,1,,4821868
1648.0,3,3,2,2024,18.73,0,1,8.0,5680065
1985.0,4,4,2,2007,7.97,0,1,8.0,6450974
1740.0,3,3,1,2016,14.7,1,0,10.0,5883045
1754.0,4,4,3,2005,24.35,0,1,10.0,6117338
1303.0,3,4,1,2008,18.86,1,1,6.0,5219405
879.0,2,2,2,1991,24.26,1,1,9.0,4128113
2060.0,4,4,1,2000,19.07,1,0,9.0,6077764
1316.0,3,4,3,2020,4.93,0,0,4.0,4778696
1811.0,3,3,1,2009,13.22,1,1,9.0,5953669
1812.0,3,3,1,2014,3.9,0,1,3.0,5577636
585.0,1,1,1,1998,6.53,0,1,7.0,3677270
2115.0,4,4,1,2020,16.06,1,1,4.0,5879925
2452.0,4,4,2,2013,8.02,0,0,2.0,5835393
1165.0,3,3,1,2005,23.88,1,0,10.0,4825076
2414.0,5,4,1,2002,17.58,1,1,7.0,6500000
1916.0,4,4,2,1996,4.89,1,0,8.0,6213952
960.0,2,2,1,2018,16.14,1,0,6.0,4017352
1756.0,4,4,2,2007,23.17,1,0,4.0,5172099
941.0,1,2,2,1990,12.64,1,0,1.0,3226443
2458.0,5,4,3,2016,13.39,1,1,5.0,6500000
597.0,2,2,2,1993,14.52,0,0,8.0,3559961
1380.0,2,3,2,1995,24.58,1,0,2.0,3571271
2095.0,4,4,2,2007,16.26,1,1,1.0,5558075
1516.0,2,3,2,2001,18.62,1,0,5.0,4698671
2302.0,4,4,2,2018,24.91,1,1,3.0,6500000
1021.0,2,3,1,1998,22.21,0,0,2.0,2968606
1025.0,1,2,1,2013,8.34,1,1,2.0,3560558
1447.0,2,3,1,2009,2.08,1,1,6.0,5120726
869.0,2,2,1,2010,17.87,0,0,4.0,3091836
1596.0,3,4,1,2007,2.43,0,0,2.0,5004431
1126.0,3,4,1,2021,24.99,1,1,8.0,4670643
1715.0,4,4,1,1993,9.38,1,0,9.0,6183576
1169.0,2,3,1,2003,23.15,0,0,9.0,4295407
1681.0,4,4,1,2010,14.34,1,0,9.0,6147821
1608.0,2,2,1,1991,18.56,0,1,10.0,5515992
1791.0,4,4,1,1991,13.53,0,0,5.0,5263621
1622.0,3,3,3,2020,8.7,0,1,4.0,5233087
1428.0,2,3,1,2001,23.11,1,1,9.0,5070824
2048.0,4,4,1,2006,18.96,0,1,3.0,5814621
1301.0,2,3,2,2015,12.85,0,1,8.0,5119224
897.0,2,3,1,2002,8.18,0,1,9.0,4830749
1171.0,2,2,2,2011,17.07,0,1,1.0,4008833
934.0,1,1,1,2015,24.25,1,0,10.0,4264935
2164.0,3,3,2,2020,12.01,0,0,3.0,5607663
2259.0,5,4,2,2007,21.18,0,1,5.0,6298244
1112.0,3,3,1,2021,20.05,0,1,8.0,4674296
845.0,2,3,1,2001,13.01,0,1,4.0,3687560
2343.0,5,4,1,2000,,1,0,5.0,6183238
2225.0,4,4,3,2002,24.36,1,1,1.0,5559513
595.0,1,2,1,1994,5.22,1,0,6.0,3704756
667.0,2,3,2,2011,1.59,0,0,8.0,4226695
,3,4,2,2016,9.2,1,1,3.0,4640969
2136.0,3,3,2,2005,9.43,1,0,6.0,6189833
588.0,1,1,1,1999,22.26,1,0,10.0,3675231
1404.0,3,3,1,1996,16.27,0,0,3.0,4336415
538.0,1,2,1,1997,5.26,1,1,6.0,3516540
1040.0,1,2,1,2004,2.88,1,0,3.0,3816451
1800.0,4,4,1,1995,13.66,1,1,4.0,5655928
1528.0,3,4,1,2022,2.36,1,0,7.0,5658570
2068.0,4,4,1,2009,20.94,0,1,1.0,4980774
924.0,1,2,2,2006,15.28,1,1,10.0,4392304
1752.0,3,4,2,1998,16.09,1,1,8.0,5905256
1694.0,4,4,1,2018,23.39,1,1,6.0,5498359
837.0,1,1,2,2001,12.24,1,0,8.0,3993077
1189.0,2,2,3,1995,22.0,1,1,5.0,4522882
1684.0,4,4,2,2008,22.79,0,1,10.0,5507596
586.0,1,1,1,1999,20.26,1,0,4.0,3101659
2161.0,3,4,1,2002,22.88,1,1,2.0,4503512
1228.0,2,3,1,2003,17.23,0,1,3.0,3515329
2380.0,5,4,1,2012,10.94,1,1,4.0,6366114
680.0,2,3,2,1993,15.56,1,1,3.0,3571695
1562.0,2,3,1,1993,1.63,0,0,3.0,4804415
1653.0,3,3,1,2003,14.3,1,1,10.0,5939886
2491.0,4,4,1,2007,14.67,1,0,6.0,6500000
1718.0,3,3,2,2021,8.02,1,0,4.0,5539667
1915.0,4,4,2,2012,4.22,1,0,5.0,6049449
1217.0,3,3,1,1994,23.13,1,1,8.0,4721299
1428.0,2,2,1,2016,16.68,1,1,5.0,4712605
1794.0,4,4,1,2023,1.11,0,1,4.0,6066137
1408.0,2,3,2,1991,14.36,1,0,10.0,5421604
1581.0,3,3,1,1999,17.25,1,0,2.0,4258526
2482.0,4,4,1,2020,1.58,1,0,5.0,6500000
1315.0,2,3,1,2011,7.1,1,0,7.0,5078503
1419.0,2,3,3,2002,21.4,1,0,2.0,3869523
2193.0,3,4,1,2016,11.36,1,0,8.0,6500000
1642.0,2,2,3,2018,4.16,1,0,4.0,5540758
2481.0,4,4,3,2013,10.31,0,0,2.0,5862441
1964.0,4,4,1,2016,9.19,0,1,10.0,6435762
619.0,1,1,1,1990,13.49,1,1,9.0,3591264
1871.0,4,4,2,2002,7.46,0,1,9.0,6368389
2312.0,5,4,1,1995,17.18,0,1,2.0,5355563
1335.0,2,2,1,2016,19.58,1,1,3.0,4154216
2095.0,4,4,2,2007,16.26,1,1,1.0,5558075
2392.0,5,4,1,2021,23.66,1,1,1.0,5836690
1277.0,3,3,1,1999,19.23,0,1,7.0,2000000
1278.0,2,3,1,2006,22.31,1,0,5.0,4111405
1173.0,3,3,1,2001,8.02,1,1,10.0,5226659
1643.0,2,3,2,2016,16.82,1,0,5.0,5133215
1133.0,2,3,1,2001,12.93,0,0,8.0,4711451
2054.0,3,3,2,2019,10.78,0,1,9.0,6451714
1184.0,3,4,1,1995,8.15,1,0,6.0,5079451
1871.0,4,4,2,2013,1.32,0,0,1.0,5347151
1531.0,2,3,2,2015,5.01,1,1,3.0,5273281
546.0,1,2,2,2013,8.17,0,0,2.0,2735362
1077.0,1,1,2,2006,7.55,1,0,9.0,4832945
2445.0,5,4,1,2014,15.53,0,1,9.0,6500000
2139.0,3,3,1,2010,6.97,0,0,9.0,6500000
757.0,2,3,1,1999,21.3,0,0,10.0,4380069
1305.0,2,2,1,2007,22.33,1,1,5.0,4317683
2136.0,3,4,2,2006,18.96,0,0,10.0,6012950
1760.0,3,3,1,1997,22.63,1,0,8.0,5120949
540.0,1,1,1,2001,,0,1,8.0,3801052
1904.0,4,4,2,2002,10.67,0,1,7.0,5884739
755.0,1,2,1,2024,4.01,0,1,10.0,4260400
1186.0,2,3,1,1990,13.86,1,0,1.0,3501593
1863.0,4,4,3,2012,11.8,0,1,2.0,4978462
900.0,2,2,1,2014,10.81,0,0,10.0,4349345
1063.0,1,1,1,1994,24.27,1,1,5.0,3448964
1959.0,4,4,1,2013,18.94,1,0,4.0,5250826
1992.0,4,4,1,1996,11.07,1,0,10.0,6404596
1284.0,2,3,1,2007,17.52,1,0,2.0,3716364
1542.0,2,3,2,2014,7.32,1,1,8.0,6040333
514.0,1,1,1,2006,21.93,0,0,5.0,2577979
2070.0,4,4,1,2001,21.06,1,1,3.0,5539173
748.0,2,2,2,1998,10.08,1,0,5.0,3242816
1569.0,3,3,1,2006,15.14,1,1,2.0,4359083
2200.0,4,4,2,1991,15.25,1,0,7.0,6296212
1268.0,3,3,2,2011,4.91,1,1,9.0,5868648
1888.0,4,4,1,1994,7.35,1,1,9.0,6500000
1127.0,2,3,2,1992,7.19,1,0,1.0,3896362
1682.0,3,4,1,2001,4.93,1,0,5.0,5118462
1074.0,2,3,2,2012,22.68,0,1,10.0,4829144
843.0,2,3,1,1999,18.65,1,1,6.0,4019126
626.0,1,2,2,2023,21.4,1,1,9.0,4155352
2049.0,3,3,2,1997,18.99,1,0,2.0,4878304
666.0,1,2,1,2007,3.77,0,0,8.0,3996918
746.0,2,3,2,1996,18.67,0,0,10.0,3778478
892.0,1,2,1,2004,8.43,0,1,6.0,3789768
1133.0,3,3,1,2015,16.56,0,0,2.0,3801014
1398.0,3,4,2,1997,5.72,1,1,2.0,4930724
1257.0,3,4,1,2011,24.46,1,1,3.0,4382239
1672.0,4,4,1,2022,1.35,1,0,4.0,5852225
1828.0,4,4,3,2016,6.52,1,1,2.0,5645484
643.0,2,3,1,2022,9.54,0,1,2.0,3342388
1636.0,3,3,1,1999,19.9,1,0,9.0,5391349
1420.0,3,3,2,2009,5.67,0,1,9.0,5213938
2098.0,3,3,1,2020,1.23,0,0,10.0,6500000
1743.0,4,4,2,1997,6.99,0,1,5.0,5808655
1371.0,3,4,2,1993,12.47,1,0,2.0,4290661
1401.0,2,2,1,2001,12.22,1,1,1.0,4225196
988.0,2,2,1,1992,3.09,0,0,10.0,4851066
847.0,2,2,1,2008,17.18,1,1,6.0,3959521
2381.0,4,4,1,2019,2.31,1,0,10.0,6500000
1348.0,2,2,1,2018,4.28,0,0,4.0,4583066
536.0,1,2,2,2005,21.34,1,1,2.0,2860563
1782.0,4,4,1,2011,16.32,1,1,7.0,5780729
1992.0,3,4,1,2018,1.48,1,0,3.0,5890417
2024.0,4,4,2,2012,12.71,0,0,5.0,5835726
1622.0,2,2,1,2018,16.36,1,0,3.0,4665657
1446.0,2,3,2,1992,,0,0,6.0,5253620
841.0,1,2,2,1990,17.48,0,0,4.0,3259822
2034.0,4,4,1,1990,15.02,0,1,2.0,5051839
1109.0,3,3,1,2018,22.57,1,0,1.0,3933190
2497.0,5,4,2,2010,18.19,1,0,2.0,6193903
2146.0,3,3,2,2000,4.12,1,0,8.0,6500000
1937.0,3,3,1,1995,16.1,0,0,1.0,4391215
577.0,2,3,3,2009,15.52,1,0,5.0,3673889
1978.0,3,4,2,1996,2.4,0,1,5.0,6170615
2401.0,4,4,2,1991,15.28,0,0,7.0,6310103
959.0,1,1,2,2000,18.16,1,0,3.0,3469600
1161.0,3,4,1,2001,4.21,1,1,10.0,5719373
1315.0,2,3,2,2024,3.48,0,0,7.0,5472295
1182.0,3,3,1,2000,24.27,1,0,1.0,3256186
1187.0,3,4,2,2020,2.91,1,0,6.0,4980518
1571.0,3,4,1,2019,11.94,1,1,5.0,5634019
2423.0,5,4,2,1992,24.92,1,1,3.0,6146319
1376.0,3,4,1,2020,6.68,1,1,8.0,5495620
2469.0,5,4,3,1991,3.45,1,0,6.0,6500000
1380.0,2,3,1,2006,22.0,0,1,6.0,4240623
2476.0,4,4,2,2001,10.59,1,1,7.0,6500000
1818.0,4,4,1,2015,4.39,1,1,8.0,6315638
1335.0,3,3,2,2003,5.91,0,1,9.0,5678118
1703.0,4,4,1,2005,3.29,1,0,3.0,5199180
1858.0,3,3,1,2005,4.48,0,1,3.0,5269013
1383.0,3,3,1,2007,8.35,1,1,9.0,5140648
2459.0,5,4,1,1996,12.59,1,1,6.0,6500000
1220.0,2,3,2,2007,11.04,1,0,1.0,3707570
1609.0,3,3,2,2021,8.26,0,0,4.0,5087621
1723.0,4,4,3,2006,14.25,1,1,7.0,5938922
2348.0,4,4,3,2009,16.56,0,1,4.0,6200087
1001.0,1,1,2,2014,17.74,1,1,8.0,4714672
1020.0,2,2,2,2003,23.25,1,0,,4547628
672.0,2,3,2,1996,8.07,1,1,10.0,4268210
2342.0,5,4,1,1995,21.04,1,1,10.0,6500000
2401.0,4,4,1,2010,12.56,1,1,10.0,6500000
959.0,2,2,2,2001,2.17,1,0,1.0,3367417
1397.0,2,3,1,2012,7.58,1,1,2.0,4220474
1556.0,3,4,1,2005,10.71,1,1,6.0,5526807
742.0,2,3,1,1993,22.5,1,0,9.0,3892214
1399.0,2,3,2,2005,15.61,1,1,3.0,4422090
1375.0,2,3,3,2004,13.78,0,1,6.0,5343564
1871.0,4,4,1,1994,8.79,1,1,8.0,5834455
2052.0,4,4,2,2018,5.89,0,1,6.0,6145193
1210.0,2,2,2,1999,12.03,1,0,9.0,4706066
1475.0,3,4,1,2013,,0,1,10.0,5644324
889.0,1,1,1,2011,11.48,0,0,7.0,3782239
762.0,2,2,1,2013,22.28,0,0,5.0,3005044
776.0,1,1,2,2017,8.45,1,0,1.0,3199940
2215.0,5,4,2,2005,16.02,0,1,3.0,5564323
1890.0,4,4,2,2018,22.68,1,0,4.0,5595098
2338.0,4,4,1,2017,9.2,1,0,8.0,6500000
795.0,1,1,2,2014,4.93,1,1,2.0,3272734
1924.0,4,4,1,1994,10.98,0,0,8.0,6038149
1346.0,2,2,1,2000,24.58,1,0,10.0,4407533
1454.0,3,3,2,1991,19.21,0,1,9.0,4868009
2485.0,5,4,1,2018,21.07,1,1,8.0,6500000
1697.0,3,3,1,1998,14.33,1,1,4.0,5387681
776.0,1,1,2,1991,6.61,1,0,5.0,3535022
1831.0,3,3,2,2018,19.95,1,0,4.0,5084003
1314.0,2,2,1,1999,7.66,0,1,3.0,4383832
1586.0,2,3,2,1998,21.82,1,1,2.0,4577933
1969.0,3,3,2,2018,14.23,0,0,2.0,4847504
1656.0,4,4,2,2022,1.75,0,0,2.0,5373107
2282.0,5,4,1,2012,7.58,1,0,4.0,6452903
1024.0,1,1,1,2005,4.7,1,0,3.0,4144919
2249.0,5,4,2,2023,23.93,0,0,3.0,5736164
2397.0,5,4,3,2023,10.47,1,0,7.0,6500000
2182.0,3,3,3,2013,19.76,1,0,9.0,6358441
1832.0,3,4,1,1996,18.46,1,1,9.0,5923940
1199.0,2,3,2,2009,12.66,1,0,1.0,3728424
1762.0,4,4,2,2017,20.01,1,1,3.0,5043406
1304.0,2,2,1,2001,10.41,0,0,9.0,4952757
2233.0,5,4,1,1995,5.74,1,0,10.0,6500000
1363.0,3,3,2,2006,24.09,1,0,4.0,4092242
1545.0,3,4,1,1999,3.96,1,1,6.0,5626246
1604.0,3,4,3,2010,12.61,0,0,6.0,2000000
2071.0,4,4,1,2005,6.55,0,1,10.0,6458448
784.0,2,2,1,2020,22.22,1,0,5.0,3740413
1103.0,2,3,1,1995,21.23,1,1,1.0,3104835
1740.0,3,3,2,1999,3.73,1,1,3.0,5507348
897.0,1,2,1,1991,16.08,0,0,,3191050
1456.0,2,2,1,2009,22.0,0,0,8.0,6500000
1549.0,3,4,1,1996,2.35,1,1,5.0,5366934
1865.0,3,4,1,2022,3.21,1,0,3.0,5350258
2476.0,5,4,3,2019,4.48,0,1,7.0,6500000
2302.0,4,4,1,1994,5.22,0,0,1.0,5384466
1037.0,1,1,2,1991,7.47,0,0,2.0,3789868
693.0,1,1,2,2008,22.83,1,0,2.0,2374283
801.0,1,2,2,1992,24.34,1,1,8.0,3625568
897.0,2,2,1,1996,22.46,0,0,4.0,3364836
2443.0,4,4,2,1994,19.28,1,0,10.0,6500000
642.0,2,3,1,1993,17.13,1,0,1.0,2585145
2351.0,5,4,1,2002,8.86,0,0,3.0,6150087
1909.0,3,4,2,1997,11.4,0,0,7.0,5631884
2207.0,5,4,1,2018,19.34,0,1,8.0,6110056
783.0,1,1,2,1992,23.26,1,1,7.0,3593357
1104.0,2,2,2,1990,20.97,1,0,9.0,4493325
970.0,2,3,1,1996,10.47,1,1,7.0,4200328
1779.0,4,4,1,2023,14.98,0,0,7.0,6185772
2262.0,5,4,2,1995,18.62,0,0,9.0,6213329
965.0,1,2,1,2009,7.77,0,0,4.0,3450955
2494.0,4,4,2,2022,14.96,1,0,4.0,6309708
1198.0,3,4,1,2003,1.24,0,1,1.0,4332394
2262.0,5,4,1,2017,17.22,0,1,7.0,6407682
872.0,2,3,1,2004,21.54,1,0,1.0,2857803
1984.0,3,3,1,2001,7.96,0,1,8.0,5938083
676.0,1,1,3,1996,18.31,1,0,9.0,3982421
1291.0,3,3,2,2017,10.93,1,0,10.0,5398979
707.0,1,1,2,2011,3.58,1,0,1.0,3251550
2473.0,4,4,2,1990,1.73,0,1,3.0,6250605
1273.0,2,2,2,2020,5.63,0,0,8.0,5080680
974.0,1,1,2,2003,9.07,0,1,3.0,3545331
1199.0,3,4,2,2014,,0,1,8.0,4992243
,2,3,1,2024,17.21,0,1,6.0,4040570
2294.0,4,4,2,1995,15.66,1,0,3.0,5763275
1658.0,3,3,3,2004,8.82,1,1,1.0,4962534
1984.0,3,3,2,2001,15.81,0,0,3.0,5485797
1153.0,2,2,1,2009,7.02,1,1,8.0,5017533
1322.0,2,3,3,2000,14.3,0,0,2.0,3878696
2435.0,4,4,2,1995,4.81,0,0,9.0,6500000
1251.0,2,2,1,1992,13.2,1,0,2.0,3541504
555.0,2,2,1,1993,19.57,0,0,8.0,3297278
2195.0,4,4,1,2019,24.23,1,1,10.0,6500000
1223.0,3,4,1,2008,8.93,1,0,2.0,4360291
2192.0,3,3,1,2022,23.7,0,0,3.0,5275017
815.0,2,3,1,2016,17.33,0,1,10.0,4151225
1231.0,2,3,2,2007,23.88,1,0,7.0,4332845
1879.0,4,4,2,2021,13.3,1,0,2.0,4576679
1609.0,2,2,1,2019,17.87,1,1,3.0,4358405
1433.0,3,3,1,2009,21.27,0,1,3.0,4415969
2326.0,5,4,1,1993,7.27,0,0,1.0,5657856
2257.0,4,4,1,2017,20.02,1,1,8.0,6500000
1409.0,2,2,1,1997,19.62,0,1,6.0,4413435
1560.0,3,3,2,2013,19.5,1,0,10.0,5886773
1414.0,2,2,2,2007,1.03,1,1,10.0,6046000
1629.0,3,3,2,2019,21.31,0,0,2.0,4654494
976.0,1,2,2,2021,2.73,0,0,3.0,4077482
2292.0,5,4,2,2007,1.53,1,0,5.0,6500000
896.0,2,2,3,2013,13.74,1,1,6.0,4389820
1900.0,4,4,3,2013,14.47,0,0,9.0,6098619
2026.0,4,4,2,2010,10.7,0,1,2.0,5129745
2122.0,3,3,1,1998,24.69,0,0,2.0,4792704
1787.0,4,4,1,2018,5.24,0,0,3.0,5331167
855.0,2,2,1,2023,2.55,1,0,1.0,3812560
2189.0,4,4,1,2001,7.24,0,1,6.0,5907331
693.0,1,1,3,2002,12.7,1,1,3.0,3503636
779.0,1,2,1,1993,7.34,1,0,2.0,2933542
838.0,1,1,1,2021,12.09,1,0,10.0,4347604
2029.0,4,4,1,2010,13.79,1,0,3.0,5544387
2334.0,5,4,2,1995,17.89,0,0,1.0,5626963
1036.0,1,1,1,2022,22.92,1,0,1.0,3242536
1087.0,2,2,1,2016,24.97,0,0,9.0,4481277
1183.0,3,4,1,2010,8.43,0,0,9.0,5260241
2004.0,4,4,1,2004,5.11,1,1,2.0,5702057
1297.0,3,3,1,2013,21.13,0,1,3.0,3961723
689.0,2,3,2,2002,6.31,1,0,5.0,4025023
1184.0,3,4,3,2009,7.61,1,0,2.0,4160896
999.0,2,2,1,2023,1.81,1,1,3.0,4260333
2428.0,4,4,2,2007,2.6,0,1,4.0,6479959
885.0,1,2,2,2022,18.54,1,0,8.0,4064650
1258.0,3,3,2,1997,17.13,0,0,3.0,3520566
2306.0,5,4,2,2009,13.11,0,0,7.0,6270406
1123.0,2,3,2,2008,7.36,1,0,2.0,4267436
1828.0,4,4,1,2016,11.85,0,0,8.0,5893127
1735.0,3,4,1,2020,3.72,0,0,2.0,5221556
2079.0,3,4,1,2002,13.01,0,1,1.0,5112877
715.0,2,3,1,2006,9.55,1,0,1.0,3326018
1155.0,2,2,1,1995,7.88,0,1,6.0,4152182
1025.0,2,2,1,2012,5.4,0,0,3.0,4031587
1869.0,3,3,2,2014,19.37,1,0,2.0,4861452
1184.0,2,2,1,1994,14.56,1,1,7.0,6400000
2342.0,4,4,2,2017,11.86,1,0,5.0,6500000
1062.0,2,2,1,2011,1.12,0,0,2.0,3749608
1242.0,3,3,1,2005,7.23,0,0,4.0,4294762
1161.0,3,4,1,2000,4.74,1,0,9.0,5550440
1045.0,2,2,1,2003,11.91,0,0,7.0,4196946
1159.0,3,4,1,2002,15.98,0,0,7.0,4692448
820.0,2,2,1,2022,23.29,0,0,7.0,3713282
1650.0,4,4,3,1994,5.04,0,1,3.0,5156613
646.0,1,2,1,2020,2.59,0,0,10.0,4199443
1208.0,2,3,2,2004,20.53,1,0,8.0,4628173
1928.0,4,4,1,2003,8.21,1,0,1.0,5190095
1073.0,1,2,2,2020,6.77,1,1,2.0,4357941
1752.0,3,3,1,2005,13.67,1,1,7.0,5670551
1664.0,3,3,1,2017,14.3,0,0,5.0,5195419
2409.0,5,4,1,2003,7.92,0,1,9.0,6500000
1915.0,4,4,1,1993,19.86,0,0,9.0,5869021
928.0,1,1,1,2006,21.57,1,0,7.0,3740341
1703.0,3,3,1,2018,24.08,0,0,10.0,5231646
616.0,1,1,1,1991,19.53,0,0,10.0,3186509
2302.0,5,4,2,2012,7.0,1,0,2.0,5835962
1165.0,3,3,1,2000,23.51,1,0,1.0,3283636
1508.0,3,4,2,1997,23.99,1,0,9.0,5037564
1353.0,3,3,1,1999,9.37,0,1,9.0,5224829
616.0,2,2,1,1998,14.03,0,0,1.0,2577690
2375.0,5,4,2,2007,19.35,1,1,4.0,6083265
1366.0,3,4,1,2018,4.56,1,1,4.0,5203934
2039.0,4,4,2,2002,22.5,1,0,9.0,6200112
969.0,1,2,3,2007,22.5,0,0,9.0,4421770
2077.0,3,3,1,2008,2.83,1,1,1.0,5325323
1320.0,2,3,2,1996,23.95,1,0,2.0,3556110
1080.0,2,2,1,2020,9.07,1,1,6.0,5077058
1354.0,3,4,2,2006,19.38,1,1,8.0,4820330
1917.0,4,4,2,2009,11.66,1,0,6.0,6156120
1492.0,2,2,3,2005,22.54,1,0,6.0,5010539
1649.0,2,3,2,2023,3.63,1,0,2.0,4957071
2031.0,3,4,2,1998,15.5,0,1,10.0,6336620
2095.0,4,4,2,2004,20.27,0,1,2.0,5515946
1995.0,3,4,1,2000,8.02,0,0,10.0,6500000
2016.0,3,3,1,1992,18.62,1,0,2.0,5109795
1360.0,2,3,1,2001,10.37,0,0,3.0,4574789
2247.0,4,4,1,2017,2.69,0,0,4.0,6500000
763.0,1,1,2,1996,3.15,0,0,7.0,3470616
1990.0,4,4,1,2022,,1,1,3.0,5969471
,2,3,2,2015,13.72,1,1,7.0,5470332
2034.0,3,3,1,1996,20.39,1,0,10.0,6500000
1042.0,2,2,1,2016,3.53,1,1,3.0,4374974
2419.0,4,4,1,1997,1.54,1,0,10.0,6500000
734.0,1,1,3,1994,19.36,1,0,2.0,2711128
1897.0,4,4,1,2008,7.61,1,0,5.0,5799528
1683.0,3,3,2,2004,23.65,0,1,6.0,4927061
2358.0,5,4,1,2019,12.02,0,1,4.0,6500000
1779.0,3,4,1,2024,6.67,0,1,2.0,5451627
1249.0,2,2,2,2004,4.54,0,1,1.0,3828150
1636.0,3,3,2,1996,8.51,0,0,10.0,5763755
1266.0,3,4,1,2022,2.76,1,1,9.0,5843526
1039.0,2,3,2,1992,6.94,0,0,2.0,3814941
1806.0,3,4,1,2005,21.99,0,1,1.0,4679547
1890.0,4,4,1,1998,2.11,1,0,6.0,6167539
1960.0,4,4,1,2022,11.46,1,1,5.0,5746271
1402.0,3,3,2,1996,3.54,1,0,2.0,4513385
937.0,1,1,1,2023,24.82,1,1,3.0,3235287
1512.0,3,3,2,2023,22.42,1,0,9.0,5410883
1853.0,3,4,1,2022,1.63,1,0,1.0,5509291
1399.0,3,4,2,2008,7.27,1,0,2.0,4276706
1258.0,2,3,2,1996,6.62,0,0,6.0,4469830
1938.0,4,4,1,1999,18.99,0,0,1.0,4776979
1997.0,3,3,1,1992,23.94,1,1,10.0,5932968
879.0,2,2,1,2011,20.84,1,0,10.0,4356305
1456.0,3,4,2,1993,,1,0,8.0,5191511
2020.0,3,4,1,2023,16.94,1,1,7.0,6284348
1175.0,3,3,1,1993,15.6,1,0,5.0,4084083
2171.0,4,4,1,2008,11.47,1,1,1.0,6193657
1754.0,4,4,1,1998,2.89,1,0,9.0,6289889
1782.0,4,4,2,2001,8.14,1,0,4.0,5234148
1686.0,3,3,1,2017,12.52,0,1,7.0,5054837
1145.0,3,3,1,2007,20.34,1,0,4.0,4146334
622.0,1,1,2,2012,2.11,0,0,1.0,2929979
1304.0,2,2,2,2017,24.06,1,1,10.0,4786351
1503.0,3,3,2,2017,13.39,0,1,10.0,5425859
2419.0,5,4,3,2009,23.2,0,0,6.0,5863032
1457.0,3,4,1,2003,12.54,0,0,6.0,5016223
846.0,2,2,2,2020,21.24,1,1,2.0,3786064
,1,1,2,2018,8.1,1,1,7.0,4491475
1213.0,3,4,2,2012,20.44,1,0,10.0,5197748
602.0,2,2,3,2011,1.9,1,0,5.0,3845095
582.0,2,3,3,2016,14.54,0,0,6.0,3422169
522.0,1,1,1,2020,8.05,1,1,9.0,4282248
1719.0,4,4,1,2015,8.17,1,0,9.0,6089384
888.0,1,1,2,2013,11.72,1,0,7.0,3844945
1741.0,3,4,2,2000,1.87,1,0,2.0,5204589
1183.0,3,3,2,2022,17.56,1,0,3.0,4375941
1626.0,3,4,1,2021,21.73,1,1,9.0,5731163
1410.0,2,2,1,2021,24.41,1,0,1.0,3840344
864.0,2,2,1,1997,17.99,0,0,3.0,3338123
1947.0,3,3,1,2011,12.6,1,0,4.0,5646545
1375.0,3,3,1,2023,2.33,1,0,2.0,4432931
1350.0,2,3,1,2006,22.46,1,0,4.0,4174367
2353.0,4,4,2,1993,12.67,1,0,3.0,5810357
1820.0,4,4,2,1995,19.27,0,0,10.0,2000000
1691.0,4,4,2,2013,15.49,1,1,10.0,6360655
1680.0,4,4,2,2018,21.02,0,0,2.0,4834213
1827.0,4,4,2,2000,8.04,1,0,7.0,5855464
1056.0,2,3,2,2013,22.31,0,0,3.0,4180562
2149.0,4,4,2,1996,16.13,0,0,10.0,6500000
504.0,1,1,2,2004,17.51,1,0,10.0,3788064
1263.0,2,2,2,2013,9.43,1,0,4.0,4567401
2452.0,4,4,1,2000,1.32,0,1,4.0,6080762
1454.0,3,3,1,1998,19.15,0,0,1.0,3835991
795.0,2,2,1,2005,18.75,1,1,6.0,3702482
617.0,2,3,1,2014,3.6,1,0,1.0,3354153
2435.0,5,4,1,2005,17.48,1,1,2.0,6112395
2346.0,5,4,1,2003,5.44,1,0,3.0,6427175
1896.0,3,4,1,2011,10.63,1,1,7.0,5768016
2431.0,4,4,3,2012,12.82,0,0,1.0,6263864
767.0,1,2,1,2001,1.29,0,0,5.0,3749200
2081.0,4,4,1,2011,18.96,0,1,5.0,5570289
1872.0,3,4,2,1994,2.58,0,0,9.0,6030713
2000.0,4,4,2,2018,2.16,1,0,9.0,6500000
2055.0,4,4,1,1990,9.13,1,0,6.0,6200515
1572.0,3,3,2,1999,24.19,0,0,10.0,5198265
1758.0,4,4,2,2013,12.5,0,1,10.0,6407606
1764.0,4,4,1,2014,16.27,1,0,10.0,6228430
1025.0,1,1,1,2007,4.68,1,0,1.0,3178540
1829.0,3,4,2,2002,18.58,0,1,5.0,5320979
825.0,1,1,1,1998,9.17,1,0,7.0,3591629
505.0,1,1,3,2015,14.73,1,0,7.0,3615527
2259.0,4,4,1,1999,21.86,1,1,8.0,6369268
1641.0,2,3,3,2014,13.56,0,1,6.0,5224650
1224.0,3,4,2,1994,12.42,1,0,3.0,4078144
901.0,2,3,2,2014,16.58,0,0,3.0,3637491
639.0,1,1,1,1999,3.89,1,0,4.0,3422321
835.0,2,2,2,1990,18.36,1,0,1.0,2919864
1873.0,4,4,1,1993,5.51,1,0,6.0,5922384
1999.0,4,4,2,2019,5.34,1,1,1.0,5664456
941.0,1,1,3,1991,13.67,1,0,4.0,3542226
1041.0,2,3,1,2006,20.83,1,1,7.0,3949876
2079.0,3,3,1,2007,11.7,0,1,3.0,5546495
1765.0,4,4,2,2012,12.31,0,0,6.0,5898764
1342.0,2,2,1,2024,1.87,1,1,10.0,5501563
1549.0,3,3,3,2012,3.45,1,0,9.0,6068593
2386.0,4,4,2,2001,15.23,1,0,2.0,5737815
558.0,1,2,2,1993,13.12,1,0,4.0,3099435
517.0,1,2,1,2002,14.29,0,0,9.0,3530145
1863.0,4,4,3,2012,11.8,0,1,2.0,4978462
1323.0,2,3,2,2021,1.33,1,0,4.0,4937840
2321.0,5,4,2,2005,1.94,1,0,7.0,6500000
1253.0,3,4,1,2006,1.69,1,0,1.0,4619043
1924.0,4,4,1,2012,4.08,0,1,6.0,5953242
1047.0,1,2,1,2023,21.88,0,0,3.0,3287022
1245.0,3,3,1,2000,8.9,1,0,10.0,4892859
1157.0,2,2,1,2020,8.73,1,1,7.0,4880012
1064.0,2,2,2,2000,9.55,1,0,4.0,4049094
2088.0,4,4,3,2018,14.66,1,1,3.0,5806754
1249.0,2,2,3,1992,2.66,0,0,3.0,4183858
1601.0,2,3,1,2016,6.13,1,1,4.0,5225599
1508.0,3,4,2,1997,23.99,1,0,9.0,5037564
996.0,1,1,1,2024,17.04,1,1,9.0,4592231
1826.0,4,4,2,2014,8.54,0,1,9.0,6269091
1125.0,2,2,1,1994,4.42,0,1,1.0,3631965
1160.0,3,4,1,2006,,1,0,8.0,4750813
977.0,2,3,2,2001,10.15,1,0,10.0,4839083
1063.0,1,1,1,1994,24.27,1,1,5.0,6500000
1477.0,2,2,1,2008,18.64,0,0,5.0,4119948
2136.0,3,3,2,1992,10.08,1,0,6.0,5957444
1515.0,2,3,1,1992,17.33,1,0,10.0,5386266
900.0,2,3,1,2009,15.98,1,1,7.0,4518054
1717.0,3,4,1,2012,18.72,0,0,3.0,4834606
652.0,1,2,1,2007,19.09,0,1,10.0,4055780
1800.0,4,4,1,1991,10.19,0,0,9.0,5696823
1330.0,2,2,3,2024,2.27,1,0,8.0,5391073
1707.0,4,4,1,2005,14.72,0,0,6.0,5608243
1145.0,2,3,1,2011,12.04,1,0,5.0,4314550
1078.0,1,1,2,2006,2.9,1,1,9.0,4898392
1051.0,1,2,1,1994,15.13,1,0,1.0,3218612
1983.0,4,4,1,2022,18.91,1,1,5.0,6248403
1294.0,3,4,2,2002,18.26,0,0,2.0,3914534
1176.0,2,3,1,2000,18.92,1,1,3.0,3955612
918.0,1,1,1,2024,,1,0,9.0,4458994
1353.0,2,2,2,2008,6.76,1,0,1.0,4762042
2484.0,5,4,2,2009,17.31,1,1,5.0,6499260
1945.0,4,4,2,1991,4.04,0,0,3.0,5861381
1412.0,3,4,1,2018,7.41,1,0,6.0,5496338
828.0,2,2,1,2021,6.98,1,0,9.0,4407269
1492.0,2,2,3,2015,2.71,1,1,1.0,5020192
2188.0,4,4,1,2007,,1,1,4.0,6161942
511.0,1,1,2,1999,7.13,0,0,3.0,2776388
2014.0,3,3,1,2023,15.82,0,0,4.0,5374615
2442.0,4,4,2,2011,16.06,0,1,10.0,6500000
1752.0,3,4,2,2018,8.03,1,1,7.0,5951473
2400.0,5,4,1,1998,1.88,0,0,,6500000
1776.0,3,3,1,2024,5.42,1,0,10.0,6338284
1198.0,3,3,1,2017,3.72,0,0,8.0,4886664
2490.0,4,4,2,1991,24.14,0,1,8.0,6500000
1332.0,3,3,1,2002,24.83,0,0,6.0,4267660
2124.0,3,4,1,2015,15.66,1,0,1.0,5428261
1629.0,2,2,1,1991,5.4,0,1,10.0,5692870
1645.0,3,3,1,2014,5.48,0,1,8.0,5564100
1324.0,3,3,1,2001,17.75,1,0,6.0,4705957
1489.0,3,3,1,2000,15.61,0,0,8.0,4808041
2329.0,4,4,1,2005,16.27,0,0,6.0,5840919
617.0,2,3,2,1994,3.1,1,0,,4229454
2476.0,5,4,1,2017,6.51,0,0,10.0,6500000
1738.0,4,4,1,1997,21.06,1,1,5.0,5135126
1964.0,3,3,1,1991,12.28,1,1,4.0,5079537
1796.0,3,4,1,2020,16.33,1,1,8.0,5840475
864.0,2,3,1,2018,10.52,1,0,9.0,4583029
526.0,1,1,1,1998,11.0,0,1,3.0,2832983
1240.0,2,3,1,2009,19.09,0,1,9.0,4931951
1350.0,2,2,1,2002,8.68,0,0,3.0,4165704
608.0,1,2,1,2003,18.31,1,0,9.0,3344228
921.0,1,1,1,2024,20.45,1,1,3.0,3172000
1017.0,1,1,1,2000,15.39,1,1,10.0,4561428
1684.0,4,4,1,2006,16.88,1,0,5.0,5086515
1928.0,3,4,1,2007,12.36,0,1,6.0,5541536
2033.0,4,4,3,2021,6.09,1,0,6.0,6500000
2302.0,5,4,2,2007,22.62,0,0,7.0,6500000
1938.0,3,3,1,2018,19.18,1,0,8.0,5871579
1451.0,3,3,1,2009,19.89,1,0,6.0,5160874
2029.0,3,4,2,2023,13.52,1,0,7.0,6250184
1333.0,2,3,2,1994,15.85,0,0,2.0,3939677
2071.0,3,3,1,1995,7.9,0,0,2.0,5196377
702.0,1,2,1,2019,21.8,1,1,7.0,3279722
1248.0,3,4,1,2003,13.14,1,0,10.0,5516322
1819.0,4,4,2,2017,1.97,0,1,8.0,5989908
1705.0,3,4,2,1997,19.8,0,0,6.0,4808744
2008.0,4,4,3,2010,12.45,0,1,1.0,5505969
2408.0,4,4,2,1994,14.38,0,1,9.0,6500000
1036.0,2,2,1,2012,6.81,0,0,10.0,4945845
1122.0,3,4,1,2024,20.35,1,0,7.0,4258733
812.0,1,2,1,2000,2.27,1,0,6.0,3881871
643.0,1,2,2,1994,6.39,1,1,8.0,3847122
2315.0,5,4,1,2013,24.05,1,1,2.0,5755302
1934.0,3,4,1,2020,17.14,0,0,,5991386
2275.0,5,4,1,1999,20.31,0,1,9.0,6408408
1277.0,2,3,2,2008,4.06,0,1,1.0,4192352
648.0,2,2,1,2002,7.2,1,0,4.0,3633366
1165.0,3,3,2,2013,10.41,1,1,3.0,4736720
833.0,2,3,1,1992,2.18,0,1,2.0,3603871
1774.0,3,3,1,1991,10.87,1,0,5.0,5209496
1219.0,3,4,1,1992,22.8,0,0,2.0,3379729
727.0,2,3,1,1991,5.74,1,0,5.0,3686318
676.0,1,1,1,2008,9.95,1,0,8.0,3590370
1699.0,4,4,3,1992,17.29,1,0,2.0,4909662
654.0,2,3,2,2005,15.87,1,0,7.0,3845502
1275.0,2,3,2,1991,10.11,1,1,10.0,5276095
1925.0,3,4,1,1995,21.59,0,1,8.0,5562905
2393.0,5,4,2,2013,21.91,0,0,5.0,6500000
1622.0,2,2,2,2017,21.5,1,1,10.0,5530658
1801.0,4,4,2,2002,11.58,1,1,7.0,5682281
574.0,1,2,2,2018,1.31,1,0,5.0,3744157
705.0,2,2,1,2023,13.75,1,0,7.0,4063957
661.0,1,1,1,2004,9.05,0,0,10.0,4494641
1293.0,2,3,1,2021,16.03,0,0,7.0,4658387
963.0,2,2,2,2010,12.99,0,0,6.0,4045231
2224.0,4,4,2,2006,15.05,0,0,1.0,5188155
1023.0,1,1,2,2018,7.0,1,1,4.0,4247173
732.0,1,2,1,1992,23.91,0,0,10.0,3582350
1882.0,4,4,1,2002,24.06,0,0,7.0,5679110
2496.0,4,4,1,2022,4.9,1,0,1.0,6146793
1297.0,3,3,1,2021,20.8,1,0,6.0,4517666
752.0,1,1,1,2002,5.99,1,0,7.0,3661564
715.0,1,1,1,2018,22.12,1,0,7.0,3768338
612.0,2,2,1,2003,19.55,0,1,5.0,3293447
1666.0,3,3,1,2017,16.13,0,0,2.0,4883394
1560.0,2,3,2,1990,11.09,0,1,1.0,4060309
2073.0,3,3,1,2006,11.16,1,1,4.0,5767918
1480.0,2,2,1,1990,9.4,0,0,6.0,4646627
1443.0,3,3,1,2024,8.43,1,0,4.0,4787386
2105.0,3,3,1,2012,17.58,1,1,4.0,5539460
2127.0,4,4,1,2009,5.85,0,0,2.0,5742573
829.0,2,3,2,2023,1.39,1,1,4.0,4307078
2470.0,4,4,1,2023,1.49,1,0,5.0,6500000
1964.0,4,4,1,2009,16.82,1,1,1.0,5336816
1358.0,3,3,1,2024,22.71,0,0,1.0,3888595
1894.0,3,4,1,1993,20.05,1,0,7.0,5395867
686.0,2,3,1,2009,2.68,0,0,10.0,4756094
729.0,2,3,1,1993,16.84,1,0,2.0,3315727
975.0,1,2,2,1996,23.59,1,0,1.0,2655975
2227.0,4,4,1,1999,3.72,1,1,4.0,6500000
1049.0,2,2,1,2003,5.43,1,1,5.0,4516568
1002.0,2,2,1,2022,13.5,0,0,7.0,3897359
2466.0,5,4,1,1994,1.37,1,0,8.0,6500000
1095.0,2,2,1,2003,24.08,1,1,8.0,3909276
2165.0,4,4,1,2023,24.49,0,1,10.0,6500000
2455.0,4,4,1,2024,20.49,0,0,9.0,6500000
631.0,1,1,1,1998,2.51,1,0,9.0,3800868
671.0,2,2,1,2023,1.89,0,1,8.0,4421052
952.0,1,1,2,1992,24.08,1,1,4.0,2952341
1421.0,3,4,1,2005,12.03,0,1,8.0,4971287
1767.0,3,4,1,2006,21.21,1,0,2.0,4582412
1806.0,3,4,2,2024,16.62,1,0,6.0,5587112
653.0,1,1,2,2015,4.36,0,1,8.0,4069214
1623.0,3,4,1,2002,6.38,1,0,1.0,4786666
1181.0,3,3,1,2016,12.13,0,0,9.0,4986604
1775.0,4,4,1,2015,4.53,1,0,4.0,5599173
859.0,2,2,1,2001,14.44,1,0,1.0,3056620
2129.0,4,4,1,2017,15.86,1,0,5.0,5780287
2133.0,3,3,1,1991,14.8,1,0,7.0,6065732
1460.0,2,3,1,1994,3.43,0,1,4.0,4870714
2029.0,3,3,1,1994,24.38,0,1,2.0,4650117
546.0,1,1,2,1992,16.68,0,0,4.0,2321593
900.0,1,1,1,2019,6.68,1,0,10.0,4248990
2187.0,4,4,1,1994,10.27,1,1,1.0,5348855
2439.0,4,4,2,2020,24.57,0,0,5.0,6400000
546.0,1,1,1,2012,8.06,1,1,3.0,3248016
1604.0,3,3,2,1990,17.82,1,1,6.0,4784156
743.0,1,1,2,2002,8.43,1,0,2.0,3094789
1718.0,4,4,2,2013,20.61,1,0,8.0,5671974
1657.0,3,4,2,2015,13.92,0,0,4.0,4963123
1872.0,4,4,2,2022,5.9,1,0,9.0,6500000
1777.0,4,4,1,2005,7.63,1,0,10.0,6500000
1684.0,4,4,1,1997,5.82,1,1,10.0,6500000
834.0,1,1,2,2001,13.82,0,1,2.0,3154145
2130.0,3,3,1,2024,17.22,1,0,1.0,5204603
2387.0,4,4,1,1995,17.93,0,0,3.0,5608341
1683.0,3,3,2,2001,20.09,1,1,8.0,5332159
1212.0,3,3,2,2001,10.24,0,1,7.0,4556397
608.0,2,3,1,2001,22.86,1,1,8.0,3664808
1647.0,3,4,1,2014,18.69,1,0,1.0,4401702
1713.0,3,4,1,2005,14.44,1,0,8.0,5758980
568.0,1,2,2,2006,3.03,1,1,3.0,3442475
2187.0,4,4,3,2007,11.95,0,0,6.0,6500000
1892.0,4,4,1,2011,22.14,0,0,10.0,5974507
2178.0,4,4,2,1990,4.73,1,0,5.0,6203561
1671.0,4,4,2,1998,3.42,1,0,9.0,6346660
987.0,1,2,2,2015,1.96,1,0,10.0,5054419
2198.0,4,4,1,2021,13.21,1,1,6.0,6500000
1225.0,2,2,1,2011,9.6,0,0,2.0,4059753
2134.0,3,3,1,1993,20.43,1,1,7.0,5899363
534.0,1,2,1,2022,17.14,1,0,,3556811
1457.0,3,3,2,1998,2.8,1,0,4.0,5274910
1695.0,4,4,2,1995,8.03,0,0,2.0,4750224
540.0,1,2,2,2015,9.86,1,0,7.0,3928377
2086.0,4,4,2,2003,24.99,1,1,6.0,5863221
1601.0,3,4,1,2010,10.21,0,1,9.0,5505580
527.0,1,1,1,2000,8.87,1,0,7.0,3157903
533.0,1,1,1,2015,5.09,1,1,6.0,3892834
1562.0,2,3,2,2002,12.51,1,0,3.0,4505820
2196.0,4,4,1,2001,16.73,1,1,8.0,6500000
1065.0,1,1,3,2015,2.94,0,0,8.0,4519002
1092.0,2,2,3,2009,24.48,1,0,8.0,4327976
1142.0,3,4,1,2023,15.56,1,0,6.0,4724588
934.0,2,2,1,1990,16.96,0,1,4.0,3355862
1749.0,3,3,1,2019,21.02,0,0,1.0,4463539
528.0,1,1,1,1991,22.18,0,1,10.0,3780743
1004.0,2,2,1,2022,20.34,1,0,7.0,4092375
1033.0,1,1,1,2015,10.64,1,0,5.0,4361588
1572.0,2,2,1,2008,8.6,0,0,3.0,4907100
2390.0,4,4,1,1995,16.71,1,0,8.0,6500000
1428.0,3,4,1,2006,8.79,0,0,3.0,4594114
1884.0,3,4,1,2008,1.43,1,1,5.0,5975967
1021.0,2,3,1,1998,22.21,0,0,2.0,2968606
2445.0,5,4,1,2014,15.53,0,1,9.0,6500000
1667.0,4,4,1,2006,10.94,0,1,4.0,5314331
975.0,2,2,1,1994,19.64,0,0,2.0,2720067
1156.0,3,4,1,2007,21.23,0,1,2.0,3712097
1671.0,3,3,2,1998,7.77,0,0,10.0,5687119
1900.0,3,3,2,1993,23.11,1,0,7.0,5782701
672.0,1,1,1,2004,24.07,0,0,2.0,2733051
1266.0,2,2,1,2002,8.58,1,0,4.0,4362279
1305.0,2,2,1,2022,15.59,0,0,8.0,4497210
1266.0,2,3,1,2014,16.03,1,0,4.0,4548618
2406.0,4,4,2,2001,11.7,0,1,6.0,6500000
607.0,2,3,1,2022,12.77,1,1,10.0,4433798
566.0,1,1,2,2003,10.27,1,0,8.0,3958180
702.0,2,3,2,2017,12.32,1,0,6.0,4165414
1139.0,2,2,2,1990,8.84,0,0,5.0,4017216
1727.0,4,4,1,2015,7.52,1,0,2.0,5097763
1396.0,3,3,1,2013,22.96,1,1,6.0,4752696
804.0,2,3,2,2002,8.23,0,1,2.0,3508724
1424.0,2,3,1,2017,7.85,0,0,3.0,4447759
1528.0,2,2,2,2003,1.51,0,1,4.0,5060682
2046.0,4,4,2,1992,9.87,1,0,6.0,6038087
1012.0,2,3,2,2010,3.26,0,1,6.0,4593610
2475.0,5,4,1,2013,7.3,1,0,5.0,6500000
2255.0,5,4,1,2017,18.33,1,0,3.0,5725822
1251.0,2,3,1,2001,13.98,1,0,9.0,5145678
895.0,1,1,1,2003,3.88,1,0,2.0,3193555
2160.0,3,3,1,2001,18.35,1,1,9.0,6407485
1318.0,2,3,1,1999,18.21,1,1,6.0,4591806
1231.0,2,3,1,2007,13.15,1,1,3.0,4098277
665.0,1,1,2,2003,9.3,1,0,2.0,2863900
1926.0,3,4,1,2022,19.06,0,0,2.0,5016174
1804.0,3,3,1,2020,19.43,0,0,3.0,4804654
1158.0,2,2,1,1996,15.1,1,0,10.0,4590516
967.0,1,2,1,1996,12.79,1,1,1.0,3253597
1997.0,4,4,2,2024,14.46,1,0,9.0,6500000
1514.0,2,2,2,2021,22.66,1,0,7.0,5148797
575.0,1,2,2,1996,13.66,1,0,2.0,2969154
1810.0,3,3,1,2008,8.43,1,1,4.0,5422504
1495.0,2,3,1,2005,19.17,0,0,5.0,4504534
1263.0,3,3,2,2011,13.21,1,1,9.0,5390074
697.0,2,2,2,2013,6.77,0,0,6.0,3874973
728.0,2,3,1,2022,12.99,0,0,2.0,3566438
2180.0,3,3,1,2019,14.45,1,0,10.0,6500000
972.0,1,2,2,2001,7.11,1,1,4.0,4133778
655.0,1,2,2,1995,12.76,1,0,3.0,2779609
1261.0,2,2,1,1997,9.11,0,0,7.0,4826807
1314.0,2,2,2,1992,2.91,1,0,3.0,4465698
640.0,1,2,1,2012,2.6,1,0,1.0,3298051
1524.0,3,3,1,2008,18.45,1,1,1.0,4620681
2178.0,4,4,1,1993,1.43,1,0,10.0,6500000
1433.0,2,2,1,1997,4.09,1,1,5.0,4751842
1147.0,2,3,1,1994,21.4,0,1,7.0,3994946
603.0,2,3,1,1998,5.99,0,1,5.0,3369719
1691.0,4,4,2,1999,17.53,1,0,9.0,5947456
1187.0,2,2,1,1997,1.2,1,1,9.0,5116372
1660.0,4,4,2,2022,17.06,0,0,1.0,4689583
1519.0,2,3,2,2010,19.83,1,1,1.0,4315610
,1,1,1,1994,11.32,0,1,4.0,3562523
1305.0,2,2,1,1999,23.34,0,1,7.0,4479310
1791.0,3,4,1,1990,24.07,0,0,4.0,4705257
1966.0,4,4,1,2013,3.59,0,0,8.0,6500000
1752.0,4,4,1,2023,21.31,1,0,,5120241
2077.0,4,4,2,2019,20.84,1,0,1.0,5120877
1152.0,2,2,1,2014,2.31,0,0,1.0,4087602
966.0,1,1,2,2001,13.35,0,0,3.0,3486314
1577.0,3,3,2,2003,24.17,0,0,1.0,3799159
801.0,1,1,2,2017,4.85,1,1,3.0,4003374
2136.0,3,4,1,2016,8.46,1,1,10.0,6500000
1384.0,2,3,2,2007,6.11,1,1,3.0,4790887
1484.0,3,4,2,2011,17.87,0,1,10.0,5406018
2089.0,3,4,1,1998,2.98,1,1,1.0,5329445
1260.0,2,2,2,2021,20.79,1,1,5.0,4616076
1641.0,3,3,2,2015,24.91,0,0,10.0,5625979
2227.0,5,4,1,1992,15.76,0,1,2.0,5765177
2233.0,5,4,2,1996,15.78,1,0,9.0,6500000
992.0,1,2,2,1996,23.39,1,1,6.0,3682090
1644.0,3,3,3,1997,21.99,1,0,6.0,5150036
1453.0,2,2,2,2019,13.55,1,0,2.0,3904553
643.0,1,2,2,2010,8.64,0,1,4.0,3270419
946.0,2,2,1,2007,24.81,0,0,6.0,3454057
1655.0,4,4,2,1992,12.51,1,0,4.0,5159671
2338.0,5,4,2,2020,1.86,1,1,8.0,6500000
1835.0,3,4,1,2012,11.75,1,1,1.0,4934855
2281.0,5,4,2,2013,3.69,1,1,7.0,6500000
886.0,2,3,1,2018,14.92,0,1,2.0,3639021
996.0,2,2,1,2014,11.26,0,1,5.0,4189306
2362.0,4,4,1,1994,4.25,1,0,9.0,6500000
956.0,1,1,1,1994,23.68,0,0,3.0,2544149
2372.0,4,4,2,2018,19.26,1,0,10.0,6500000
2041.0,4,4,1,1995,24.74,1,0,6.0,5793908
700.0,1,2,2,2010,9.37,1,1,7.0,4207375
1015.0,1,1,1,2000,10.97,0,0,3.0,3148883
904.0,1,2,1,1998,24.63,0,1,10.0,3847914
1314.0,3,4,1,2017,14.43,1,1,8.0,5467696
1532.0,3,3,3,2022,13.3,1,0,4.0,5402904
1712.0,3,4,2,1990,20.99,0,1,5.0,4611538
1284.0,3,4,1,1994,14.36,1,1,6.0,5102020
1164.0,2,2,1,1996,11.73,0,1,9.0,4405567
1457.0,3,4,1,2018,14.5,0,0,8.0,5001278
1135.0,2,2,3,2020,6.19,1,0,1.0,4074637
2214.0,4,4,2,1993,1.07,0,1,8.0,6500000
1841.0,4,4,1,1992,9.64,1,0,9.0,6500000
1656.0,4,4,1,1996,7.61,1,0,8.0,5642650
837.0,1,1,2,2007,17.69,0,1,2.0,2827743
2345.0,5,4,1,2022,21.69,0,0,10.0,6500000
2193.0,3,3,2,2019,1.71,0,0,9.0,6500000
2326.0,5,4,1,1999,5.77,0,0,6.0,6315317
1551.0,3,4,2,2012,21.51,1,1,7.0,4876306
1300.0,2,3,2,2001,23.31,1,0,5.0,3864019
1433.0,3,3,2,2021,1.82,0,1,8.0,5333892
2268.0,5,4,2,2010,11.6,0,1,10.0,6500000
1750.0,3,3,1,1990,6.13,1,0,2.0,4808535
1812.0,4,4,1,2018,24.32,1,0,6.0,5604372
1969.0,4,4,2,2021,12.59,1,0,2.0,5611551
1767.0,3,4,2,2020,1.74,1,0,1.0,5238735
1814.0,4,4,1,2010,12.94,0,1,6.0,5816316
1806.0,4,4,1,2023,2.21,1,0,1.0,5655193
1226.0,2,3,1,2019,22.48,1,0,6.0,4074310
1985.0,3,3,2,2023,5.0,1,1,9.0,6377386
2443.0,5,4,2,1990,24.23,1,1,10.0,6500000
2095.0,4,4,1,2012,9.54,0,0,8.0,6423590
1669.0,4,4,1,2001,24.1,0,0,7.0,5064637
595.0,2,3,1,1995,7.74,0,0,6.0,3618561
2130.0,4,4,1,2003,8.33,1,1,5.0,6094142
1745.0,4,4,1,2003,24.25,0,0,1.0,4056139
1263.0,3,3,1,2015,24.58,0,0,3.0,3507871
1674.0,3,3,1,1993,20.49,1,1,,5459904
1250.0,3,4,1,2023,4.85,1,0,5.0,5243459
2365.0,5,4,2,1997,7.83,1,1,1.0,6106234
1702.0,4,4,1,2020,24.84,0,0,1.0,4473944
931.0,2,3,2,2009,21.81,0,0,2.0,2972497
1586.0,3,4,1,1999,5.02,1,1,8.0,5896228
895.0,1,1,1,2009,8.78,1,1,4.0,3713889
644.0,1,2,1,2011,11.49,1,0,10.0,4454955
2019.0,3,3,1,2002,22.54,0,0,10.0,6018146
1800.0,4,4,1,2003,10.48,1,1,3.0,5455919
1970.0,3,3,2,1992,7.99,0,0,9.0,5751093
1887.0,4,4,1,1991,22.47,1,0,4.0,5109871
764.0,2,2,1,2003,22.27,0,0,9.0,3809745
1123.0,3,3,1,2001,1.9,1,0,8.0,4707178
1916.0,4,4,3,1998,21.01,0,0,6.0,5581138
1748.0,3,3,1,2020,12.49,1,1,2.0,5144230
1073.0,2,2,2,1999,20.58,0,1,10.0,4406257
1167.0,2,2,1,1998,4.53,1,1,6.0,4636753
601.0,1,2,1,1990,9.14,1,0,9.0,3258774
2395.0,4,4,2,2013,5.13,1,1,10.0,6500000
1010.0,2,2,1,2011,7.84,1,1,9.0,4951590
540.0,1,2,2,2021,14.1,0,0,8.0,3418222
1612.0,2,3,1,1998,6.25,0,1,7.0,5272058
1680.0,4,4,1,2015,11.12,1,0,3.0,5765178
905.0,1,2,1,2012,7.76,1,1,8.0,4547383
1377.0,2,2,2,2024,15.4,1,0,10.0,5297484
2285.0,4,4,2,2016,11.23,1,0,5.0,6500000
1243.0,2,2,1,1999,16.98,1,0,2.0,3735916
2391.0,4,4,1,1992,10.75,1,1,7.0,6451578
1387.0,2,3,1,2014,20.37,1,0,3.0,3961431
1002.0,1,2,2,1993,17.94,0,0,6.0,3551331
2421.0,4,4,1,2017,6.59,1,0,10.0,6500000
719.0,2,2,2,2010,15.01,1,0,9.0,4111688
1058.0,1,2,1,1993,6.54,0,1,9.0,4654101
2328.0,4,4,3,1992,9.81,0,0,8.0,6500000
2021.0,3,4,2,2012,22.78,1,1,7.0,6186608
671.0,2,2,1,1991,18.56,1,1,5.0,3479431
2379.0,5,4,1,2010,2.26,1,1,8.0,6500000
716.0,2,3,1,2015,22.32,1,1,2.0,3153040
1250.0,3,4,1,1998,24.38,1,1,9.0,4926447
2163.0,3,4,2,2007,4.23,0,1,7.0,6278333
1539.0,3,4,1,2023,8.54,1,0,9.0,6019123
1577.0,3,4,1,2013,15.04,0,1,10.0,5853566
1640.0,3,4,1,1994,11.7,1,0,6.0,5420310
1588.0,2,2,1,1990,21.79,0,0,6.0,3927764
2164.0,4,4,1,2007,18.68,0,0,2.0,5401105
2357.0,5,4,1,1996,11.29,0,0,3.0,5877045
974.0,2,3,1,1996,18.73,0,0,6.0,3534454
1214.0,2,3,1,1992,5.75,1,0,6.0,4503415
1293.0,2,2,1,2002,2.53,0,1,8.0,5098355
2362.0,4,4,1,1998,3.7,1,0,6.0,6500000
1519.0,3,3,1,2001,,1,0,6.0,5061295
1560.0,2,3,2,1990,11.09,0,1,1.0,6400000
638.0,2,2,2,2019,23.34,0,0,8.0,3463437
1263.0,2,2,1,2012,4.17,1,0,1.0,4268085
2040.0,4,4,3,1998,4.4,1,0,9.0,6500000
1524.0,2,3,1,1999,1.04,1,0,2.0,4917523
2299.0,5,4,2,1999,1.56,1,1,1.0,6500000
1306.0,2,3,1,2024,15.96,0,1,4.0,4367547
656.0,2,3,1,2021,3.53,1,1,9.0,4831727
1390.0,3,4,1,1995,19.7,1,0,1.0,4044590
1435.0,3,3,1,2014,7.39,1,0,7.0,5454646
2127.0,4,4,2,2020,1.84,0,1,2.0,5934250
2092.0,4,4,2,2002,3.81,0,1,9.0,6500000
2158.0,3,4,2,2011,10.56,0,1,4.0,5806185
2168.0,3,3,2,1991,15.66,0,0,9.0,6291730
1714.0,3,3,2,2005,24.75,1,1,5.0,5092939
610.0,1,1,2,1991,11.27,1,1,8.0,3730711
1209.0,2,3,1,2020,4.53,1,1,9.0,5363086
1364.0,2,3,2,2006,5.08,1,0,7.0,5161084
1849.0,4,4,2,2023,21.75,1,1,1.0,5075233
550.0,1,1,1,2009,20.81,0,0,1.0,2000000
697.0,2,2,2,2018,6.74,1,1,8.0,4294063
1503.0,2,2,2,2020,5.21,1,0,8.0,5198569
2119.0,3,3,2,1997,18.44,1,0,8.0,5785070
1131.0,2,3,1,2013,23.73,1,1,1.0,3542910
2251.0,5,4,2,2014,16.87,0,1,5.0,6086311
830.0,1,1,1,2002,21.1,0,0,1.0,3165676
2008.0,3,3,2,1994,19.34,1,0,5.0,5111028
2395.0,5,4,2,2017,10.29,1,0,1.0,6306954
1808.0,4,4,1,1996,2.95,0,0,2.0,5413295
1489.0,3,4,1,2022,12.35,0,0,8.0,5056602
1757.0,3,4,1,2005,2.04,1,0,1.0,5398318
1299.0,3,3,1,1993,6.42,1,0,6.0,4737280
729.0,2,3,1,1993,16.84,1,0,2.0,3315727
1394.0,2,2,1,2021,21.99,1,1,2.0,4011949
522.0,1,2,1,2003,17.36,0,0,10.0,3687211
1748.0,3,4,1,2012,19.14,0,1,8.0,5578058
1777.0,3,3,1,2005,2.51,0,1,5.0,5481979
991.0,1,1,1,2001,8.0,1,0,2.0,3469291
1865.0,4,4,1,2014,3.4,0,0,4.0,5945955
2070.0,3,4,1,1997,9.64,0,0,10.0,6394665
1867.0,4,4,1,2004,14.85,1,0,5.0,5589240
1253.0,2,3,1,2008,11.12,1,1,9.0,5275345
2345.0,4,4,1,2019,6.15,0,1,3.0,6174150
1615.0,2,2,1,2022,21.19,1,0,7.0,4892830
1481.0,3,3,1,2008,7.73,1,0,3.0,4862360
1327.0,2,2,1,2023,19.4,1,1,1.0,4100873
1311.0,3,4,1,2007,8.68,1,1,4.0,4580805
738.0,1,2,1,2011,19.65,0,0,10.0,4262857
2221.0,4,4,2,2012,5.4,1,0,5.0,6264751
1652.0,3,4,1,2002,16.42,0,0,1.0,4805467
581.0,2,2,2,1999,22.11,0,0,10.0,3997906
907.0,1,1,1,2023,18.56,0,1,8.0,3959849
2476.0,5,4,1,2015,14.34,1,0,6.0,6409102
1825.0,3,4,2,2013,14.02,0,0,5.0,5376160
2403.0,5,4,1,1991,5.55,1,0,8.0,6500000
1886.0,3,3,1,2009,16.3,1,0,6.0,5594210
1724.0,4,4,1,1992,7.91,0,1,5.0,5473815
1191.0,3,4,1,2013,17.3,1,1,3.0,4361952
1940.0,3,4,2,2000,23.6,1,0,1.0,4697151
,3,4,1,1992,23.31,0,0,7.0,5130532
1391.0,3,4,1,1999,18.58,1,0,2.0,4207161
943.0,1,1,1,2019,12.9,0,0,9.0,3820092
1896.0,4,4,1,2018,23.38,0,0,2.0,4816372
2395.0,5,4,1,2024,23.13,0,0,1.0,5749319
1380.0,2,2,1,1996,24.68,1,0,5.0,4029140
597.0,2,3,1,1998,11.19,1,0,4.0,3130791
993.0,2,3,1,2015,22.53,1,1,1.0,3227123
1794.0,3,4,1,2023,3.55,0,0,2.0,5092193
500.0,1,1,3,2008,9.42,1,1,2.0,2678753
516.0,1,1,1,2006,16.13,1,0,2.0,2816269
1595.0,3,4,2,2006,7.93,1,1,10.0,5903026
817.0,1,2,3,1996,11.63,1,0,3.0,3485027
970.0,1,2,1,2018,13.04,0,0,10.0,4851144
1551.0,3,4,3,1998,7.81,1,0,2.0,4875622
1011.0,2,2,1,1991,4.93,1,0,10.0,4898355
1908.0,3,3,2,2016,2.4,1,0,6.0,6159101
975.0,1,1,1,2008,24.03,1,0,1.0,2672638
1607.0,3,3,1,1991,19.34,1,0,8.0,5149304
1776.0,4,4,1,2018,11.54,1,0,2.0,5289049
838.0,2,3,1,1998,8.76,0,0,1.0,3121551
1597.0,3,3,1,1992,23.42,0,0,,3901054
2049.0,3,3,1,1990,5.3,1,1,,6500000
1181.0,3,3,1,2023,10.57,1,0,7.0,4985355
1890.0,4,4,1,1998,2.11,1,0,6.0,6167539
1411.0,2,3,1,1999,6.11,1,0,10.0,5765841
1530.0,3,4,1,1998,6.02,1,1,9.0,5927553
779.0,1,1,1,1994,13.14,0,0,8.0,3975090
1291.0,2,2,1,2016,19.95,0,0,6.0,4331400
1258.0,2,3,2,2003,9.56,1,0,3.0,4176343
2027.0,4,4,1,2012,24.59,1,1,6.0,5790157
1155.0,3,4,2,2016,2.32,1,1,5.0,4906810
1322.0,3,4,1,2017,9.78,1,1,10.0,5864202
2274.0,5,4,2,1995,7.98,1,0,8.0,6500000
574.0,2,2,2,2013,22.52,1,1,6.0,3764270
724.0,2,3,1,2004,1.47,0,1,3.0,3593557
1295.0,2,3,1,1993,1.36,1,0,10.0,5303473
1835.0,4,4,1,1999,6.71,1,0,10.0,6405065
1031.0,2,3,1,2005,4.24,0,0,8.0,4665455
1138.0,3,3,2,2004,16.66,1,1,5.0,4429328
1100.0,2,3,3,2001,12.56,0,1,1.0,3707222
2015.0,3,4,1,2023,24.81,1,0,7.0,5504277
2022.0,3,4,1,2004,9.49,1,0,10.0,6500000
2348.0,4,4,1,2006,17.66,1,0,9.0,6500000
1592.0,3,3,2,1998,19.14,0,0,8.0,4867777
2270.0,5,4,1,2014,1.44,0,1,2.0,6082756
1604.0,2,2,3,2009,3.37,1,1,5.0,5301717
612.0,2,3,1,2016,17.68,1,0,9.0,4213295
2096.0,3,3,2,2020,23.61,0,0,2.0,5105895
1981.0,4,4,2,2022,21.62,0,1,6.0,5985698
2061.0,3,3,1,2011,15.89,0,0,6.0,5817765
1145.0,3,4,1,1993,15.55,0,0,10.0,4947091
2405.0,5,4,1,1990,14.12,0,0,9.0,6500000
1171.0,2,3,1,2014,24.79,1,1,3.0,3772835
2287.0,4,4,1,2003,7.31,1,0,10.0,6500000
784.0,2,2,3,1997,17.25,1,0,7.0,3834627
1989.0,4,4,2,1990,17.15,1,1,1.0,5012432
1188.0,3,3,2,1992,10.83,1,1,4.0,4424139
604.0,2,2,1,2011,10.65,1,0,7.0,3968649
2031.0,4,4,2,2000,14.32,1,1,2.0,5333324
1397.0,3,4,1,2018,9.81,1,0,9.0,5726922
2253.0,5,4,3,2014,1.26,0,0,6.0,6500000
840.0,2,2,1,2011,23.86,1,0,4.0,3598870
845.0,2,3,2,2007,12.17,0,1,2.0,3453033
1455.0,2,3,1,2020,2.67,0,0,10.0,5584989
885.0,2,2,2,2000,6.43,0,0,2.0,3635331
2139.0,3,4,1,2015,17.76,0,0,6.0,6154140
2205.0,5,4,2,2000,17.94,1,0,7.0,6223902
2099.0,4,4,1,1997,22.74,1,1,7.0,6391896
1331.0,2,3,1,2013,12.59,0,1,9.0,5115020
,2,3,2,2002,8.4,0,0,8.0,5021455
2195.0,4,4,1,2020,23.03,1,0,7.0,5746062
2079.0,3,4,1,2002,13.01,0,1,1.0,5112877
1619.0,2,3,2,1999,24.06,0,0,3.0,4392165
1544.0,3,3,1,1992,15.19,0,0,3.0,4294580
1234.0,2,3,2,2006,3.51,1,1,1.0,4555891
1981.0,3,4,2,1991,13.3,1,0,2.0,5190522
902.0,1,1,1,1991,22.72,0,0,3.0,2791738
689.0,2,2,1,1996,1.23,1,0,1.0,3182352
2400.0,5,4,1,2012,1.3,1,1,1.0,6316565
769.0,1,2,1,1990,8.34,1,0,5.0,3535997
1050.0,1,2,2,1996,8.56,0,0,10.0,4556045
767.0,1,2,2,1992,11.37,1,1,4.0,3576401
1996.0,4,4,2,2015,1.47,1,1,7.0,6500000
1024.0,2,2,1,2005,19.84,1,0,10.0,4609428
1122.0,3,4,1,2006,19.88,0,1,8.0,4710364
780.0,2,2,2,2006,7.23,1,1,8.0,4410508
2135.0,3,4,2,2007,4.49,1,0,1.0,5676812
2433.0,4,4,2,2002,3.28,0,0,2.0,6200135
849.0,1,2,1,2019,20.49,1,1,6.0,3744528
1234.0,2,2,3,2013,20.14,0,0,7.0,4349899
1074.0,2,2,1,2017,24.64,1,1,8.0,4202607
636.0,1,2,2,2002,2.48,0,1,7.0,4089109
1562.0,3,4,1,1997,5.23,1,1,6.0,5260283
2321.0,5,4,1,1991,9.11,1,0,6.0,6500000
2179.0,4,4,3,2014,14.06,0,1,3.0,6030814
1371.0,3,4,1,2014,17.54,1,1,2.0,4401630
1327.0,3,4,1,2014,21.54,1,0,3.0,4396817
917.0,2,3,1,2000,5.75,0,0,4.0,3708152
1330.0,2,2,2,2024,21.66,1,0,7.0,4510017
1382.0,3,3,1,2024,20.69,1,0,7.0,4913818
937.0,2,3,2,2019,20.47,1,0,2.0,3340398
574.0,1,1,1,2017,23.51,1,1,9.0,3607983
1146.0,3,3,2,2010,19.14,0,0,10.0,4980042
1805.0,3,3,2,1995,24.64,1,0,3.0,4845164
1913.0,4,4,2,2012,16.75,0,0,6.0,5745559
1050.0,1,1,1,1996,10.72,1,1,4.0,4122204
1910.0,3,3,1,1999,4.8,0,0,8.0,5749438
1045.0,2,2,1,2008,7.22,1,1,10.0,4711457
1821.0,3,4,1,1998,19.18,1,0,7.0,5550065
2147.0,4,4,3,2022,9.8,1,1,3.0,6289435
541.0,1,2,2,2019,,0,1,2.0,3097066
1753.0,4,4,1,2015,5.14,1,1,6.0,5928672
2469.0,5,4,1,2014,3.44,1,0,4.0,6500000
955.0,2,3,1,1997,2.74,1,1,3.0,4113123
2205.0,4,4,1,2010,12.48,0,0,9.0,6500000
716.0,1,2,1,2002,10.0,0,1,6.0,3526348
2257.0,4,4,1,1998,4.69,1,0,4.0,6244080
2399.0,5,4,1,1999,23.48,0,1,4.0,6239875
1471.0,3,4,3,2014,17.4,0,1,9.0,5714916
513.0,1,2,3,1999,21.61,0,0,2.0,2551385
1399.0,2,2,2,2024,24.07,1,0,2.0,4169647
1985.0,4,4,2,1999,24.93,1,0,2.0,4850036
1002.0,1,2,1,1993,22.66,1,0,9.0,4408110
1020.0,1,1,2,2021,2.82,1,0,6.0,4533464
955.0,2,2,1,2012,10.24,0,1,3.0,3581741
1756.0,3,3,1,2001,14.85,1,0,4.0,5181857
514.0,1,1,1,2013,17.59,1,0,5.0,2935210
1008.0,2,2,2,2010,16.56,0,0,7.0,4424014
686.0,2,2,2,2017,20.97,1,0,10.0,4106141
1103.0,2,3,1,1999,20.98,0,0,4.0,3313605
2299.0,5,4,1,1995,7.31,1,0,3.0,6026640
1139.0,3,4,2,2002,18.83,1,1,10.0,5352464
1724.0,3,4,1,1990,15.98,0,0,1.0,4278256
906.0,1,1,1,2005,20.7,1,1,,3474284
1472.0,3,3,2,2011,10.76,1,0,3.0,4553445
2299.0,4,4,3,1995,16.82,1,0,5.0,6296856
1574.0,2,2,2,1992,20.71,1,1,6.0,4951947
2040.0,4,4,3,1998,4.4,1,0,9.0,6500000
1094.0,2,2,1,2003,8.51,1,1,4.0,4030973
2000.0,4,4,1,2002,16.7,1,0,10.0,6500000
610.0,2,2,3,2010,11.73,1,0,6.0,3696284
1521.0,2,3,2,1994,23.83,1,0,9.0,5144946
1892.0,3,3,1,2019,8.94,0,0,6.0,5499891
661.0,1,1,1,2019,2.18,1,0,6.0,3854009
1454.0,2,3,1,1994,11.75,1,1,3.0,4171447
1863.0,4,4,2,2023,20.23,0,1,1.0,4764481
1632.0,3,4,2,2024,1.2,1,1,3.0,5625853
577.0,1,1,1,2017,21.64,1,0,4.0,2871813
633.0,2,3,2,2017,20.57,0,0,5.0,3462958
1313.0,3,3,1,1995,8.06,0,0,2.0,4398380
554.0,2,2,1,1997,23.94,1,1,1.0,2514486
1466.0,3,4,2,1995,1.85,1,0,1.0,4811890
2212.0,4,4,2,2019,20.45,1,0,3.0,5679108
1424.0,3,4,1,2002,18.17,1,1,1.0,4238126
1643.0,2,2,1,1990,11.53,0,0,1.0,4354188
2163.0,4,4,1,2020,23.19,0,0,2.0,5115958
2365.0,5,4,2,1997,12.43,1,1,8.0,6500000
2131.0,3,4,1,2007,8.72,1,0,8.0,5998219
1620.0,3,3,1,2014,14.04,1,0,2.0,4917620
2248.0,4,4,2,2018,6.83,0,0,7.0,6500000
1209.0,2,2,1,2002,1.54,1,0,9.0,5546144
2285.0,4,4,1,2022,7.09,0,1,4.0,6486201
2268.0,5,4,2,2011,12.04,1,0,5.0,6395855
1812.0,4,4,1,2009,23.32,1,0,10.0,6069213
943.0,1,1,1,2019,12.9,0,0,9.0,3820092
1629.0,3,4,2,1991,7.76,1,1,9.0,6191614
1837.0,3,4,1,1999,8.56,0,0,8.0,5806969
1450.0,3,3,1,1994,17.9,1,0,10.0,5213105
2420.0,5,4,2,2009,4.65,1,0,4.0,6500000
526.0,1,2,2,2004,3.51,1,1,7.0,3616746
2365.0,4,4,1,2011,3.53,0,0,9.0,6500000
1843.0,3,4,1,2016,1.69,0,0,6.0,5853559
717.0,1,2,1,1994,15.09,1,0,8.0,4018842
1626.0,3,3,2,2003,23.44,1,0,4.0,4923211
2479.0,4,4,1,2004,7.08,0,1,6.0,6500000
1945.0,4,4,2,2005,11.68,0,0,6.0,5786378
2373.0,4,4,1,2015,16.55,0,0,9.0,6500000
984.0,2,2,1,2012,11.75,1,1,9.0,4877215
2466.0,4,4,2,2007,19.12,0,0,8.0,6500000
2187.0,3,3,1,2007,19.75,1,1,8.0,5953714
2360.0,4,4,2,2013,5.46,0,1,2.0,6226069
1803.0,4,4,2,2010,14.02,0,0,7.0,5743400
2088.0,4,4,3,2020,10.98,1,0,9.0,6500000
1713.0,4,4,2,1993,22.95,1,1,7.0,5845433
862.0,2,2,1,2003,8.95,0,0,3.0,3832176
2439.0,4,4,2,1995,4.72,0,1,4.0,6426612
1436.0,2,2,1,2024,15.1,0,0,1.0,3802132
546.0,1,2,2,2015,12.75,1,0,7.0,4137374
598.0,1,1,3,1996,4.95,0,0,3.0,2994325
1201.0,2,3,2,2006,19.83,0,0,10.0,4554510
1419.0,2,3,1,2019,4.03,1,1,1.0,4040532
2328.0,4,4,2,1999,17.41,1,1,2.0,5797518
2481.0,4,4,1,2012,10.19,1,1,6.0,6500000
1848.0,4,4,2,1991,16.79,1,0,2.0,5153375
503.0,1,1,2,2003,3.19,0,1,,3359624
1565.0,3,3,2,2007,21.4,0,0,7.0,4859480
1340.0,2,3,1,2022,3.68,1,0,2.0,4452001
669.0,1,1,1,1992,7.53,1,0,5.0,3490688
2173.0,3,4,2,1998,22.55,1,0,3.0,5253271
2097.0,3,3,1,2024,11.92,1,0,7.0,6265050
1092.0,2,3,1,1996,4.18,0,1,7.0,4987055
900.0,1,2,1,2005,24.33,0,0,9.0,3693338
2175.0,3,3,2,2012,11.53,1,0,8.0,6369764
2214.0,5,4,1,2019,1.6,1,1,7.0,6500000
704.0,2,3,3,2023,9.45,1,0,5.0,3994057
2208.0,4,4,1,2005,22.92,1,0,1.0,5120075
594.0,1,2,2,2001,13.67,0,0,7.0,3123561
1705.0,4,4,1,1993,3.43,1,0,10.0,6375001
1842.0,3,4,1,1995,20.3,0,0,1.0,4426654
621.0,1,2,2,1990,18.89,0,0,4.0,3007627
725.0,1,2,1,2003,22.14,1,1,1.0,2805087
1190.0,3,4,1,1990,19.52,0,0,7.0,4278722
1148.0,2,3,1,2012,1.91,0,1,4.0,4183584
1705.0,4,4,1,2015,4.47,0,1,5.0,5484779
2196.0,4,4,3,2010,13.98,0,0,6.0,6049262
689.0,2,3,1,2008,4.2,1,0,9.0,4332467
2352.0,4,4,1,2002,15.46,0,0,7.0,6134477
1787.0,4,4,2,2023,11.66,0,0,1.0,5167113
1439.0,2,3,1,2000,9.29,1,0,9.0,5476339
1315.0,2,2,2,2006,16.43,1,1,4.0,4203164
1520.0,2,3,1,2002,18.08,1,1,5.0,4268137
2132.0,4,4,1,2012,8.55,0,1,3.0,6394475
592.0,2,3,2,2009,9.29,0,1,3.0,3354233
1467.0,3,3,1,2014,23.91,1,1,3.0,4276145
1069.0,2,3,1,2011,24.83,0,0,8.0,4203569
614.0,2,2,1,2002,17.96,0,0,5.0,2777222
2035.0,4,4,1,2022,17.82,0,0,1.0,4868859
999.0,2,2,1,2023,1.81,1,1,3.0,4260333
589.0,1,2,1,2023,10.42,1,0,5.0,3584681
519.0,1,2,2,2012,11.14,0,0,3.0,2590859
713.0,2,2,1,2009,21.42,1,0,9.0,3977239
659.0,1,2,1,1995,10.22,1,0,2.0,2952258
2363.0,5,4,1,2005,6.93,1,0,7.0,6500000
735.0,2,3,1,2009,22.82,0,1,2.0,2756541
542.0,1,1,1,1993,7.49,1,1,1.0,2552987
1622.0,3,4,1,2012,9.99,1,1,1.0,4783378
753.0,2,3,1,2024,12.78,0,0,3.0,3228888
2135.0,4,4,2,2012,13.15,0,1,8.0,6001684
,4,4,2,2003,23.95,0,0,4.0,5192310
650.0,1,2,2,2013,3.71,1,1,2.0,3465653
1175.0,2,3,1,2023,20.22,1,0,6.0,4636448
2404.0,4,4,2,1998,2.21,0,0,4.0,5987594
1469.0,2,2,2,2015,18.6,1,1,5.0,4675421
1322.0,2,3,1,2010,8.15,0,1,10.0,5277620
1197.0,3,3,2,1992,8.64,0,1,1.0,3972001
2146.0,3,3,2,2009,12.29,1,1,6.0,6500000
1784.0,4,4,2,1997,24.1,0,1,8.0,5183604
1492.0,2,3,3,1997,8.0,0,1,10.0,5661155
509.0,1,1,3,2018,20.46,1,1,8.0,3976189
1343.0,2,2,1,2001,21.0,0,0,10.0,4737588
1222.0,3,3,1,1990,3.79,1,0,3.0,4376696
527.0,1,1,1,2002,13.73,0,0,7.0,3251886
827.0,2,2,1,2024,11.07,0,0,1.0,3131833
2023.0,3,4,3,2013,3.54,0,1,10.0,6500000
1526.0,2,2,3,2024,6.78,1,1,3.0,4873092
1213.0,3,3,2,2011,16.35,1,1,2.0,4149265
1951.0,4,4,1,2022,23.25,1,0,5.0,5013777
1133.0,3,3,2,2017,2.5,0,0,8.0,5082709
1548.0,2,3,1,2014,12.6,1,1,6.0,5343552
1330.0,2,3,1,2005,10.76,0,0,10.0,5022461
856.0,2,3,1,2020,6.41,1,0,7.0,4573732
,3,3,1,1996,14.86,0,0,2.0,4368075
1654.0,3,3,1,1997,13.26,0,0,2.0,4437220
2336.0,4,4,1,2001,22.67,1,1,2.0,5575910
552.0,2,3,1,1995,1.86,1,1,1.0,3553430
2199.0,3,4,1,2002,19.91,0,1,8.0,6174601
1914.0,4,4,1,2022,9.58,1,0,6.0,6005651
1562.0,3,3,2,2000,3.64,1,0,2.0,4588450
1124.0,2,3,3,2020,12.32,0,1,10.0,5631730
1185.0,2,3,3,2001,5.68,1,0,4.0,4442325
1732.0,4,4,1,2022,12.91,0,0,2.0,4925511
2459.0,5,4,1,1994,24.55,0,0,7.0,6194489
651.0,2,3,1,2001,14.17,1,0,4.0,3419262
1326.0,3,4,2,2017,16.87,0,1,9.0,5409781
1743.0,3,4,1,1994,17.98,1,0,10.0,5512138
1434.0,3,4,1,2014,21.2,1,1,4.0,4458903
524.0,1,2,1,2004,2.68,1,1,1.0,2940907
598.0,1,1,2,2002,10.66,0,0,5.0,3303137
2322.0,5,4,1,2024,21.42,1,0,10.0,6500000
1053.0,1,1,1,2017,20.05,1,1,1.0,3291417
769.0,1,1,1,2018,4.12,0,1,1.0,2949688
1592.0,3,3,1,2010,22.07,0,1,,5023662
1225.0,2,2,1,1998,9.31,1,0,2.0,4175313
610.0,2,2,3,2010,11.73,1,0,6.0,3696284
2084.0,4,4,1,2001,18.59,0,1,5.0,5559992
2100.0,4,4,1,1992,6.72,1,0,7.0,6259427
1525.0,2,2,1,2019,22.07,1,0,10.0,5117773
2094.0,3,4,2,1993,17.0,1,1,3.0,5516303
606.0,1,2,2,2017,13.8,1,0,10.0,4371438
2327.0,4,4,1,2015,1.38,1,0,9.0,6500000
1733.0,3,4,1,2005,17.1,1,0,3.0,4721146
1438.0,3,3,1,1990,7.08,1,0,5.0,4891072
1730.0,3,4,2,2013,3.54,1,0,6.0,5879042
,4,4,1,2005,16.83,0,0,1.0,5715504
1160.0,3,3,2,1997,13.01,0,0,2.0,3862940
1382.0,3,3,2,2004,16.73,0,0,3.0,4351569
2258.0,5,4,1,2017,2.35,1,1,2.0,6500000
2486.0,5,4,1,2008,9.31,0,0,1.0,6179053
845.0,2,2,3,2021,9.08,1,1,9.0,5383831
1715.0,4,4,1,2001,21.95,1,0,6.0,5291604
2215.0,4,4,3,2015,3.71,1,1,4.0,6500000
1933.0,4,4,2,2007,24.78,0,1,2.0,4586491
1109.0,2,2,1,2007,19.98,0,1,4.0,3861142
2036.0,4,4,2,2006,11.5,1,0,4.0,5740192
598.0,2,2,2,2015,9.85,1,0,4.0,3948322
1902.0,3,4,1,1990,15.32,1,0,4.0,5449681
1293.0,3,3,1,2015,15.66,1,1,3.0,3987729
1213.0,3,3,1,1994,10.98,1,0,5.0,4707543
650.0,2,2,1,1996,1.21,0,0,7.0,3877314
1892.0,3,3,1,1996,11.67,0,0,8.0,5549213
1480.0,2,3,2,2016,20.52,0,1,4.0,4524776
1470.0,3,4,1,2024,21.46,1,1,1.0,4467633
1077.0,1,1,3,2021,18.48,1,1,2.0,3837625
1010.0,1,2,2,2019,5.39,1,1,6.0,4608616
1383.0,2,3,1,2018,,0,1,1.0,4370798
1943.0,4,4,1,2022,17.94,0,1,6.0,5956661
1457.0,3,4,1,1998,21.61,0,1,7.0,4943742
1854.0,3,3,1,2020,6.82,1,0,10.0,6328288
1275.0,2,3,1,2000,9.21,0,0,2.0,4108682
2221.0,4,4,2,2012,5.4,1,0,5.0,6264751
1701.0,3,3,2,2002,24.03,1,0,2.0,4951099
1897.0,3,3,1,1996,4.29,0,0,4.0,5401994
2042.0,4,4,2,1997,15.0,1,0,7.0,5982799
1546.0,2,3,2,2020,4.06,1,0,5.0,5283767
841.0,2,2,2,2019,22.57,1,1,2.0,3560477
1750.0,3,4,1,2022,21.17,1,1,3.0,4976123
836.0,2,3,1,2019,22.31,0,1,3.0,3138746
2323.0,4,4,1,2022,10.97,1,1,10.0,6500000
1315.0,2,2,1,2013,13.9,0,0,7.0,4540207
1901.0,3,4,1,2009,11.17,1,0,3.0,5242371
1181.0,3,3,2,1994,4.61,1,0,8.0,4862460
1166.0,3,4,1,2016,8.28,1,1,2.0,6500000
1926.0,4,4,2,2009,3.22,0,0,2.0,5636539
1974.0,3,3,2,1998,14.61,0,0,2.0,4706088
2089.0,4,4,1,1995,16.18,1,0,9.0,6500000
1213.0,3,4,1,2012,3.25,1,0,1.0,4297433
2442.0,4,4,2,1991,23.24,1,1,9.0,6500000
1502.0,3,4,1,1991,19.77,1,0,10.0,5595400
2491.0,4,4,1,2018,19.2,0,0,3.0,6014009
590.0,2,2,1,2010,4.41,0,0,7.0,4034774
2166.0,3,4,2,1992,16.88,1,1,1.0,5229489
2176.0,3,4,1,2015,18.75,0,0,3.0,5218874
2445.0,4,4,3,2004,7.6,1,0,5.0,6500000
1566.0,2,3,1,2015,14.74,1,1,2.0,4843712
1378.0,3,3,2,2011,23.8,1,0,10.0,5229888
2350.0,4,4,2,2002,16.7,1,0,10.0,6500000
591.0,2,3,1,2012,10.05,0,0,3.0,2866155
1509.0,3,3,1,2010,3.59,0,0,4.0,5113743
1062.0,1,1,1,2020,19.33,0,0,3.0,3631790
1943.0,3,4,1,2021,9.24,0,1,8.0,6181633
1112.0,2,3,2,2024,6.97,1,0,6.0,4991692
1270.0,3,3,1,2020,1.37,1,0,8.0,5307466
1013.0,1,2,3,1991,12.71,1,0,9.0,4566193
1688.0,3,4,1,1999,22.64,1,0,4.0,4447533
1211.0,2,2,1,2011,12.25,1,1,4.0,4429013
875.0,2,2,1,2023,8.87,0,1,3.0,3881572
768.0,1,2,1,2022,22.31,0,0,5.0,3592507
520.0,1,2,2,2013,12.6,1,0,9.0,3920052
2489.0,5,4,1,2000,13.48,1,1,1.0,6079146
716.0,1,2,1,1992,9.17,1,0,3.0,3146896
895.0,1,2,1,2007,19.22,0,1,7.0,3645469
700.0,1,2,2,2010,5.73,0,1,5.0,3791442
2330.0,5,4,1,2002,3.52,1,1,10.0,6500000
1247.0,3,4,2,1997,7.34,1,0,8.0,5066160
862.0,1,1,1,1995,9.18,0,0,2.0,3116190
717.0,2,2,2,2018,15.49,1,1,5.0,3261692
1676.0,4,4,2,2006,4.56,1,1,1.0,5227602
890.0,1,2,1,2002,19.34,0,1,7.0,3900052
1239.0,3,4,1,1994,10.97,1,0,3.0,4330763
1954.0,3,4,2,2018,5.6,1,0,7.0,6338286
917.0,2,3,1,2024,15.94,0,1,3.0,3633249
2381.0,4,4,1,2018,10.64,1,0,4.0,6380161
557.0,2,3,2,1994,22.34,1,1,10.0,3811025
2004.0,3,3,3,1999,9.18,1,0,3.0,5511757
2281.0,5,4,1,2016,14.48,1,0,9.0,6500000
691.0,1,1,1,1990,24.94,1,1,6.0,2964096
774.0,2,3,1,1994,19.52,1,0,3.0,3158181
1611.0,2,3,2,2013,24.98,0,0,8.0,5066030
534.0,1,1,2,2004,16.14,1,0,1.0,2399412
2340.0,5,4,3,2012,8.78,1,0,5.0,6500000
1321.0,2,2,1,2003,2.34,1,0,2.0,3956485
574.0,1,2,2,2004,8.78,1,1,10.0,4203722
2216.0,5,4,2,1992,4.75,1,1,5.0,6238285
1188.0,2,3,1,1993,23.42,1,0,2.0,3358697
2431.0,5,4,2,1991,5.68,1,1,3.0,6500000
1516.0,2,2,1,2019,18.06,1,1,8.0,5182810
660.0,1,2,1,2014,11.57,1,1,8.0,3908800
1456.0,3,4,1,2012,11.46,0,0,7.0,5032899
2171.0,4,4,1,2024,,1,1,3.0,5805916
2310.0,5,4,2,2024,1.13,0,0,9.0,6500000
1841.0,3,4,1,2024,13.22,0,0,7.0,5402007
1911.0,3,3,2,1997,21.41,1,0,9.0,5845147
2042.0,3,3,1,2019,14.91,0,0,2.0,5171589
2139.0,3,4,2,1998,20.91,0,0,8.0,6171700
511.0,1,1,1,2021,24.15,1,1,4.0,2729676
1520.0,2,3,1,1996,6.33,1,0,8.0,5105082
2316.0,5,4,1,1991,5.52,1,1,10.0,6500000
1993.0,4,4,1,2012,17.43,1,1,10.0,6483978
1746.0,4,4,1,1997,17.27,0,1,6.0,5154425
1738.0,4,4,3,1993,8.94,0,0,8.0,5814297
1945.0,4,4,1,2016,14.48,0,0,6.0,5533194
1451.0,3,4,2,1997,1.26,1,1,2.0,5211543
533.0,1,1,2,1990,10.79,1,1,8.0,3744934
2468.0,4,4,1,2013,18.88,0,0,2.0,5625943
1206.0,3,4,2,1999,22.67,1,1,9.0,4797850
1539.0,3,3,1,1998,23.35,0,1,10.0,5495550
1883.0,4,4,3,2022,8.99,1,0,1.0,5618794
2030.0,3,3,1,2004,23.36,1,0,9.0,6015240
1015.0,2,2,1,2014,24.02,1,1,10.0,4374889
1691.0,4,4,2,1991,12.98,1,1,4.0,5282174
2363.0,4,4,1,2016,17.65,1,0,1.0,5431110
2161.0,3,3,2,2000,12.1,0,0,4.0,5482074
,1,1,1,1996,2.72,1,0,5.0,3506414
2200.0,4,4,1,2004,12.57,0,1,8.0,6500000
2455.0,5,4,1,2006,7.62,0,1,10.0,6500000
653.0,2,2,2,2017,19.66,1,1,7.0,3817583
2386.0,5,4,2,2016,8.89,1,0,7.0,6500000
1909.0,4,4,1,1992,19.66,0,0,1.0,4604235
1823.0,4,4,1,2023,1.04,1,0,7.0,6500000
723.0,2,3,1,2015,22.91,0,1,2.0,2834842
2187.0,4,4,1,2011,19.88,1,0,8.0,6380809
1642.0,2,3,2,2004,24.55,0,0,8.0,4574052
1238.0,2,2,1,2024,22.29,0,1,9.0,4777297
1238.0,3,4,1,2004,23.83,1,0,5.0,4352969
1579.0,2,3,2,2008,7.46,0,1,5.0,5102665
2432.0,4,4,1,2006,14.82,1,1,9.0,6500000
1375.0,3,3,1,2023,2.33,1,0,2.0,4432931
745.0,2,3,1,2023,2.82,1,0,7.0,4334402
1269.0,2,2,1,2006,13.2,1,0,6.0,4341768
2469.0,5,4,2,1993,22.95,1,1,2.0,5864330
533.0,1,2,2,2018,4.01,1,1,6.0,3843558
849.0,1,2,1,2007,3.75,1,0,2.0,3638663
2323.0,5,4,2,2016,,0,1,7.0,6361972
646.0,2,2,1,2009,9.55,1,0,4.0,3371819
1556.0,3,3,1,1996,18.88,1,0,6.0,2000000
1896.0,4,4,1,1998,18.13,1,1,2.0,5154638
1766.0,4,4,1,1990,20.91,0,1,3.0,4676475
2031.0,3,4,1,2012,10.06,1,0,3.0,5710729
1739.0,4,4,1,1991,3.94,1,0,1.0,4880824
1438.0,2,2,1,2020,17.45,1,1,5.0,4664120
2324.0,4,4,1,2003,21.22,1,0,10.0,6500000
1480.0,2,3,2,1991,24.23,0,0,7.0,4674890
1065.0,2,2,1,2000,10.17,1,1,4.0,3631354
1528.0,3,4,1,2015,18.52,1,0,4.0,4638687
2074.0,3,4,1,2001,12.49,1,0,9.0,6233236
1418.0,3,3,1,2021,16.2,1,0,1.0,4416399
2125.0,4,4,3,2008,7.68,0,0,6.0,6436897
1873.0,3,3,1,2011,10.67,1,0,7.0,5660171
1395.0,3,4,2,1992,7.53,1,0,2.0,4393360
2250.0,4,4,1,2006,23.35,1,0,2.0,5729507
1382.0,3,4,1,2018,10.73,0,0,8.0,4863173
1748.0,3,3,2,2018,19.83,1,1,9.0,6096218
730.0,2,2,3,1993,1.97,1,0,4.0,3536582
934.0,1,1,2,1994,24.46,1,1,1.0,2940170
968.0,2,2,2,2015,4.31,0,1,8.0,4562821
2028.0,3,4,2,1999,16.82,0,0,9.0,6228812
896.0,1,1,1,2024,18.51,1,1,5.0,3701897
2143.0,4,4,1,2023,8.32,0,1,5.0,6113894
2169.0,3,3,1,2006,3.99,0,0,10.0,6400000
2198.0,4,4,1,2001,5.7,1,1,9.0,6500000
1780.0,4,4,2,2001,20.34,0,1,10.0,6177129
1376.0,2,3,2,2004,,1,0,6.0,5072159
1330.0,2,3,1,2005,10.76,0,0,10.0,5022461
625.0,1,1,2,2010,4.23,1,1,1.0,3192348
1492.0,3,4,1,2002,6.58,1,1,3.0,4465267
1074.0,1,2,2,2022,15.14,0,1,4.0,3720308
1973.0,3,3,2,2024,22.96,1,0,7.0,5560117
1858.0,3,3,2,2014,17.64,0,0,5.0,5279788
2319.0,5,4,1,2024,22.19,0,0,10.0,6500000
2162.0,3,4,1,2022,3.95,1,0,5.0,6185020
1795.0,3,4,1,2005,21.03,1,0,6.0,5133292
727.0,2,3,2,1997,1.64,1,1,1.0,3439898
503.0,1,2,2,1991,10.48,0,0,3.0,2981740
550.0,2,3,1,2012,13.56,1,0,7.0,3972250
1260.0,3,3,1,2000,8.43,1,0,5.0,4793334
1198.0,2,3,3,2009,9.33,0,1,,4511176
795.0,1,2,1,2008,19.97,0,0,9.0,3704736
1097.0,1,2,1,2024,5.25,1,0,9.0,5130492
1116.0,3,3,1,1999,8.15,1,0,5.0,4330768
1348.0,3,4,1,2004,8.02,1,0,6.0,5232877
1577.0,3,4,1,2020,15.62,0,0,1.0,4438071
1746.0,4,4,2,1993,8.6,1,0,1.0,5016289
2272.0,5,4,1,2015,3.23,1,0,6.0,6500000
2273.0,4,4,1,2018,23.4,1,1,5.0,5794269
1567.0,3,4,2,2004,20.49,0,0,8.0,5375398
1203.0,2,3,1,2005,17.76,1,1,2.0,4280900
501.0,1,2,1,2019,2.99,1,1,4.0,3509554
1995.0,3,4,1,2003,24.96,0,0,3.0,4841578
593.0,1,2,2,2020,22.21,1,1,4.0,3039362
2182.0,3,4,2,2015,16.55,0,1,2.0,5842533
1068.0,2,2,2,2005,5.56,0,0,5.0,4254263
2356.0,4,4,1,1999,18.07,0,0,7.0,6449623
2306.0,5,4,1,2012,1.71,1,0,5.0,6500000
2196.0,4,4,1,1991,23.72,1,1,3.0,5578243
1601.0,2,3,2,2001,7.43,1,0,5.0,5311400
2081.0,3,3,1,2005,21.51,1,1,4.0,5693026
1593.0,3,3,3,2013,3.21,0,0,10.0,6188169
2303.0,4,4,2,2007,19.52,0,1,10.0,6455546
802.0,2,3,3,2009,22.88,1,1,4.0,3640756
1577.0,3,3,2,2003,24.17,0,0,1.0,3799159
1630.0,2,3,3,1999,17.09,1,0,3.0,4375640
1323.0,2,3,1,1991,22.74,1,1,9.0,5026036
829.0,2,2,1,2001,18.68,1,0,9.0,4351288
2498.0,4,4,1,2006,21.12,1,0,6.0,6312069
2434.0,5,4,2,1996,12.93,1,0,4.0,5982898
1999.0,3,3,2,2008,16.06,0,1,7.0,5816887
1888.0,4,4,1,1996,11.36,1,0,1.0,4922000
509.0,1,2,1,2021,5.98,0,1,6.0,3452770
2414.0,5,4,1,2011,17.06,0,1,5.0,6500000
2366.0,4,4,1,1994,5.19,1,1,8.0,6500000
528.0,1,1,1,2000,24.37,1,1,5.0,2972608
1939.0,4,4,2,1990,24.62,1,1,3.0,4979763
,4,4,2,2022,14.61,0,1,5.0,5969810
1869.0,4,4,2,2008,16.13,1,1,1.0,5252886
793.0,2,2,1,2017,22.39,1,0,3.0,3231421
788.0,1,1,2,2004,9.46,1,0,5.0,3519631
2406.0,4,4,2,2013,19.09,1,0,10.0,6500000
507.0,1,1,2,2004,7.51,0,1,4.0,2938642
1112.0,2,2,3,2016,8.99,0,1,8.0,4337386
1457.0,2,2,1,2015,21.51,1,0,2.0,3615912
1930.0,4,4,2,2001,8.64,0,1,5.0,5878794
,1,2,2,2005,20.72,1,0,5.0,3984832
1686.0,3,3,2,2017,18.44,1,1,8.0,5781333
760.0,1,2,2,2019,24.54,1,0,1.0,2854408
748.0,2,3,2,2012,16.92,1,0,8.0,4128192
1718.0,4,4,1,2013,18.65,1,0,1.0,4715555
657.0,2,3,1,1994,17.08,0,1,9.0,3655908
1839.0,3,3,2,1995,10.15,1,0,5.0,5317753
1570.0,3,4,2,2009,20.52,0,0,1.0,4125683
753.0,2,3,2,2018,7.83,0,1,9.0,4515906
1461.0,3,3,1,1999,4.08,0,0,8.0,5048871
2430.0,4,4,2,2022,20.69,1,0,4.0,5996335
630.0,1,1,1,2008,17.56,0,0,7.0,3159461
941.0,1,1,1,2018,18.96,0,1,6.0,3727630
752.0,1,1,1,2009,4.65,1,1,4.0,3662354
1884.0,4,4,2,2015,14.53,1,0,8.0,6165984
2485.0,5,4,1,2000,10.79,1,1,7.0,6500000
1709.0,3,3,1,2009,18.43,1,0,9.0,5854859
1669.0,3,4,1,1999,16.69,0,0,6.0,4849379
1413.0,3,3,1,1998,19.71,0,0,5.0,4672677
2079.0,3,4,2,2015,13.47,1,0,7.0,6422532
535.0,1,1,3,2000,13.46,1,0,4.0,3090797
956.0,2,2,1,2017,2.15,0,0,8.0,4820247
1023.0,2,2,1,1990,7.69,0,1,9.0,4610758
948.0,2,3,1,2015,22.52,1,0,5.0,3668997
546.0,1,1,1,2024,20.05,1,1,9.0,3675089
2481.0,5,4,2,2019,14.71,1,0,9.0,6500000
1417.0,2,3,1,2021,19.98,1,1,8.0,5324217
1296.0,2,3,1,2019,15.08,1,0,2.0,4493408
561.0,1,1,1,2020,23.23,0,0,1.0,2128631
1522.0,2,3,1,2004,11.16,0,0,2.0,4238590
690.0,2,2,1,2003,10.66,1,1,2.0,3447501
1517.0,2,2,2,2000,20.32,1,0,2.0,4066036
1931.0,4,4,1,1999,5.88,1,0,3.0,5395114
1916.0,4,4,1,1993,5.07,1,1,7.0,6245077
2353.0,5,4,1,2017,18.01,0,0,9.0,6500000
2161.0,3,4,1,1994,8.69,1,0,8.0,6304235
2131.0,3,4,2,1994,19.81,0,1,5.0,5437763
1482.0,2,3,1,2007,7.44,0,0,10.0,5126883
1337.0,3,3,1,2017,12.26,0,1,3.0,4600612
2478.0,4,4,1,2017,8.67,1,1,3.0,6500000
1371.0,2,3,3,2007,11.37,1,0,2.0,4423780
687.0,1,2,1,2001,8.66,0,0,9.0,2000000
1958.0,3,4,1,2012,,1,0,6.0,5580750
2299.0,4,4,1,2021,1.43,0,1,1.0,6088857
,4,4,1,2012,4.08,0,1,6.0,5953242
579.0,1,2,1,2012,2.94,0,0,6.0,3538703
1001.0,1,1,2,2019,12.03,0,0,1.0,3419255
1549.0,3,3,3,2012,3.45,1,0,9.0,6068593
1538.0,3,4,2,1994,17.81,0,1,,4027229
2297.0,5,4,2,2016,1.45,1,0,7.0,6500000
2070.0,4,4,3,2013,23.31,1,0,6.0,5541295
1128.0,3,4,2,1990,21.21,0,1,6.0,4216337
1698.0,4,4,1,1995,16.87,0,1,7.0,5678717
1581.0,2,3,1,2017,22.88,1,0,9.0,5659437
2292.0,4,4,1,2002,18.02,1,0,7.0,5870270
1229.0,2,2,1,1999,1.12,1,0,4.0,4061369
627.0,1,2,1,1991,14.83,0,1,2.0,2677259
1260.0,2,2,2,2001,17.41,1,1,7.0,3815875
1811.0,4,4,1,2012,8.89,1,0,9.0,5909565
1636.0,3,3,1,2009,10.4,1,0,4.0,4613020
714.0,1,1,1,2022,23.25,1,1,7.0,3329208
1627.0,3,3,3,2015,16.5,1,0,7.0,5249167
2408.0,4,4,2,1994,14.38,0,1,9.0,6500000
1595.0,3,4,1,2008,19.22,1,0,10.0,5318445
2415.0,5,4,1,2008,4.63,0,1,8.0,6500000
634.0,1,2,1,2018,20.25,1,0,3.0,2984190
1797.0,4,4,1,2014,18.53,1,1,7.0,5961836
2446.0,5,4,1,2007,20.72,0,1,,5607279
1623.0,3,3,1,1993,21.52,0,1,5.0,4634491
510.0,1,2,2,2007,11.77,1,1,2.0,2941844
749.0,2,2,1,2024,8.43,1,1,1.0,3475088
2470.0,5,4,1,2014,13.33,0,0,3.0,5640210
2406.0,5,4,2,2004,17.41,0,0,8.0,6500000
1049.0,1,1,1,2021,15.59,0,0,1.0,2883763
1511.0,2,2,1,2004,17.64,1,1,2.0,3896219
647.0,2,2,2,1995,3.07,0,0,3.0,3120087
1352.0,3,3,3,2010,21.08,1,1,1.0,3864838
1322.0,3,4,3,1995,13.91,1,1,7.0,5245937
1641.0,3,4,1,2016,9.05,1,1,5.0,5795152
857.0,1,2,1,2002,15.49,0,1,4.0,3071195
2024.0,3,3,3,2005,9.67,1,1,8.0,6451890
2148.0,3,3,2,2010,8.85,1,0,5.0,6178118
2438.0,4,4,2,2018,1.98,1,0,9.0,6500000
2153.0,4,4,1,2017,20.18,0,0,1.0,5102267
1512.0,2,3,1,2012,10.7,0,0,4.0,4569223
1305.0,2,2,1,1997,9.89,1,0,7.0,4741775
1235.0,2,3,2,2009,10.09,1,1,7.0,4857660
1898.0,3,4,1,1991,4.03,1,1,6.0,6365270
2317.0,5,4,2,1995,8.24,1,0,5.0,6500000
2136.0,3,3,2,2008,4.91,0,0,4.0,5816022
2143.0,4,4,2,1993,11.48,1,1,7.0,6261120
1356.0,2,2,1,2018,11.26,1,1,5.0,4694564
1899.0,4,4,1,2015,17.22,0,0,10.0,6110163
1496.0,3,3,1,2017,10.33,1,0,7.0,5277448
1618.0,3,3,1,1998,13.64,1,0,5.0,4846665
1743.0,3,3,2,2008,9.96,0,1,4.0,5337748
2290.0,5,4,1,2019,16.94,0,1,8.0,6500000
1806.0,4,4,1,2023,2.21,1,0,1.0,5655193
1515.0,3,3,1,2016,18.31,1,1,2.0,4609849
1894.0,3,4,1,1993,21.32,0,1,6.0,5281602
1360.0,3,4,1,2005,1.48,0,1,9.0,5525826
990.0,2,2,1,1990,6.18,0,0,6.0,4408137
1218.0,3,3,2,1991,17.94,1,0,9.0,4991541
2043.0,3,3,1,2024,22.92,1,1,10.0,6242267
1843.0,4,4,2,2023,10.38,1,0,5.0,5637796
1254.0,3,4,1,2014,21.24,1,0,2.0,3789181
1801.0,4,4,2,2002,11.58,1,1,7.0,5682281
1960.0,4,4,2,2007,19.97,0,1,4.0,5500193
2272.0,5,4,1,1998,8.04,1,1,2.0,6305557
954.0,2,2,1,2001,21.11,1,1,7.0,4283661
1468.0,2,3,1,2019,9.01,0,0,10.0,5514841
1279.0,2,3,2,2002,4.83,1,0,1.0,4054906
1235.0,3,3,1,2012,10.41,0,0,6.0,4792852
732.0,2,2,2,2020,5.95,1,0,9.0,4674365
1667.0,4,4,1,2007,20.39,1,0,7.0,5794636
760.0,2,2,1,2013,16.46,1,1,4.0,3257829
1775.0,3,4,1,1995,8.84,0,0,5.0,5127163
1932.0,3,3,2,2015,2.11,1,1,10.0,6500000
2013.0,4,4,2,1990,22.06,1,1,2.0,4919423
1519.0,2,2,1,1991,17.18,1,0,1.0,3912651
1020.0,2,2,2,2003,23.25,1,0,8.0,4547628
1353.0,2,2,1,2001,9.4,1,1,1.0,4146050
2375.0,4,4,2,2022,23.46,0,0,2.0,5201090
2154.0,4,4,1,2021,22.43,1,0,3.0,5137576
2201.0,4,4,1,2006,3.28,1,1,7.0,6500000
701.0,2,3,1,2008,14.66,0,0,6.0,3086758
1115.0,2,3,2,2003,15.61,1,1,10.0,5017261
2363.0,5,4,3,2000,1.81,0,1,7.0,6500000
1208.0,2,3,2,2020,12.71,0,1,8.0,6400000
1491.0,2,2,1,1998,15.79,0,0,6.0,4313616
2250.0,5,4,1,2001,22.29,1,1,4.0,5859370
,2,2,1,2009,10.86,0,0,9.0,3848235
2090.0,4,4,1,1995,3.55,0,1,8.0,6425959
2296.0,4,4,1,1995,12.34,0,1,5.0,6090472
1996.0,4,4,1,2023,17.7,1,0,7.0,6025456
1811.0,3,4,2,2001,3.07,1,0,10.0,6500000
730.0,1,1,1,2023,15.18,0,1,8.0,3628169
2326.0,5,4,2,2009,7.26,1,0,7.0,6500000
1667.0,4,4,1,2006,10.94,0,1,4.0,5314331
1258.0,2,3,1,2012,22.93,0,0,7.0,4052275
1304.0,3,4,2,1991,3.45,1,1,1.0,4637903
2138.0,4,4,2,2020,18.26,1,1,9.0,6500000
645.0,2,3,1,1992,1.8,1,1,4.0,3488679
1337.0,3,4,2,1992,5.12,0,1,3.0,4781506
2295.0,4,4,2,1991,17.99,1,1,7.0,6309015
2132.0,4,4,1,1992,21.56,1,0,1.0,4842683
531.0,1,2,1,2007,24.24,0,0,10.0,3525291
1979.0,3,3,2,2020,13.58,1,1,4.0,5707716
1845.0,4,4,1,2023,12.52,1,0,4.0,5623217
1581.0,2,2,2,2004,20.36,1,0,5.0,4429533
1199.0,2,2,1,2020,20.76,0,0,3.0,3659938
944.0,2,3,1,2000,14.96,0,0,1.0,3190558
2354.0,5,4,1,1996,21.92,0,1,1.0,5365880
560.0,1,1,1,2007,20.34,1,0,4.0,2692488
1301.0,2,3,2,1992,24.61,1,0,7.0,4309198
988.0,2,3,2,2008,10.55,0,0,7.0,4521984
1506.0,2,3,1,2000,23.86,0,1,10.0,4805071
1163.0,3,4,1,2004,8.68,1,1,2.0,4311628
524.0,1,1,2,2018,15.67,0,0,9.0,4027914
1563.0,2,2,1,1994,17.96,1,0,8.0,4896355
2272.0,4,4,2,2000,12.87,1,1,8.0,6443810
878.0,2,3,1,2010,8.82,1,0,8.0,4674687
1569.0,3,4,1,1999,7.16,1,0,6.0,5275009
746.0,1,1,2,2010,14.98,0,0,9.0,4026272
2164.0,4,4,1,2007,18.68,0,0,2.0,5401105
572.0,2,3,2,2011,6.12,0,1,5.0,3847086
1877.0,4,4,1,2011,14.91,1,1,10.0,6163335
736.0,2,3,3,2013,16.63,0,0,9.0,4049706
1385.0,2,3,2,2022,14.85,1,1,10.0,5640484
1639.0,3,3,1,1993,15.58,1,0,10.0,5872717
2152.0,4,4,1,2011,22.16,0,1,8.0,6329519
560.0,1,2,1,1998,10.71,1,0,10.0,3805109
891.0,1,1,2,2017,17.13,0,0,4.0,3295484
1941.0,4,4,1,1999,5.19,1,0,9.0,6500000
1475.0,2,2,1,2019,9.14,1,0,8.0,5354477
1009.0,1,1,1,2020,4.43,0,0,8.0,4308962
1535.0,3,4,1,2003,13.01,0,1,9.0,5664006
981.0,1,2,1,2015,18.95,1,1,3.0,4011749
952.0,2,2,2,2019,5.09,0,1,8.0,4945102
758.0,2,3,1,2000,11.45,1,1,1.0,3320917
1046.0,2,3,1,1991,16.68,0,1,9.0,4981175
2168.0,3,4,1,2008,6.37,0,1,9.0,6500000
1370.0,2,2,1,1997,6.48,1,1,3.0,4229755
2494.0,4,4,1,1999,,1,0,8.0,6500000
973.0,2,2,2,2015,16.43,1,0,6.0,4089421
1869.0,3,3,1,2014,11.82,1,0,9.0,5530474
1662.0,4,4,1,2002,10.1,1,1,1.0,5101689
1228.0,2,3,1,2004,12.74,1,0,8.0,4619126
2183.0,3,4,2,1994,21.71,0,0,5.0,5702787
1458.0,2,2,1,1993,9.7,1,1,4.0,4729914
1363.0,2,3,2,2007,20.41,0,0,4.0,3649468
1163.0,2,2,2,2000,8.41,0,0,8.0,4727291
666.0,2,3,1,2007,17.69,1,0,6.0,3515935
1909.0,3,4,3,1994,17.52,0,1,4.0,5438249
2259.0,5,4,2,1994,2.68,1,1,10.0,6500000
1320.0,2,2,1,1995,1.14,1,0,4.0,4191716
1750.0,3,3,1,2007,22.3,0,0,6.0,5535936
1576.0,2,3,2,2000,16.39,0,1,6.0,4875158
547.0,1,1,2,2000,11.97,1,1,3.0,3084449
595.0,1,1,2,2023,23.01,0,0,2.0,2551007
2497.0,4,4,1,2001,20.92,1,1,10.0,6500000
1232.0,3,3,2,2023,10.96,0,0,3.0,3883116
1132.0,3,4,1,2019,1.22,1,0,7.0,5455772
1565.0,3,4,1,2001,4.21,1,1,6.0,5714698
1574.0,2,3,2,2010,12.71,1,0,3.0,4648137
2257.0,4,4,1,2015,24.67,1,1,7.0,6467371
2001.0,4,4,1,2009,17.92,0,0,7.0,5839723
1299.0,2,2,2,2014,20.61,1,1,8.0,5078229
1973.0,4,4,2,1993,20.97,0,1,5.0,5116683
1347.0,2,3,2,2015,21.14,1,1,5.0,4432881
2224.0,4,4,1,2014,7.9,0,1,3.0,6027277
1297.0,2,3,2,2010,6.04,0,1,5.0,5096014
1654.0,3,3,1,2016,3.43,0,0,8.0,5426663
2390.0,5,4,1,1990,7.23,0,0,6.0,6500000
1274.0,3,3,1,2000,15.43,1,0,3.0,4625205
1445.0,3,3,1,2014,15.9,0,0,9.0,5148426
2145.0,4,4,2,1995,22.79,1,1,6.0,5776245
2319.0,5,4,2,2015,12.23,1,1,5.0,6500000
2486.0,4,4,1,1991,17.77,1,0,8.0,6500000
1959.0,4,4,1,1999,9.72,1,1,3.0,5425516
2250.0,4,4,1,1994,22.17,0,1,4.0,5337065
1998.0,3,3,3,1995,21.06,0,0,7.0,5551653
2020.0,4,4,1,2000,3.73,1,1,8.0,6500000
970.0,1,2,1,2015,8.05,0,0,3.0,3439260
2405.0,5,4,1,2015,3.65,0,0,2.0,6500000
1703.0,4,4,1,2005,3.29,1,0,3.0,5199180
2055.0,4,4,1,2007,13.28,1,0,10.0,6500000
2453.0,5,4,1,1997,11.88,1,0,6.0,6336225
1660.0,3,3,1,2000,18.53,0,1,10.0,5896204
568.0,2,3,2,2023,24.23,0,1,8.0,3977125
2261.0,5,4,3,2007,9.12,1,0,7.0,6500000
1901.0,3,3,2,1996,22.71,1,0,5.0,4948432
537.0,1,2,1,2006,2.72,1,1,4.0,3653367
823.0,2,2,1,2020,19.3,1,1,6.0,4109017
1483.0,2,2,2,2021,6.62,0,0,1.0,4560245
1999.0,3,3,1,2011,3.77,0,0,9.0,6224069
1796.0,4,4,1,2003,6.75,1,1,9.0,6263891
568.0,1,2,1,1996,12.54,1,0,8.0,3412803
1702.0,4,4,1,2023,23.88,1,0,5.0,5265640
613.0,1,1,2,2022,15.93,1,0,4.0,3260812
2129.0,3,3,3,2023,8.52,0,0,6.0,5945088
973.0,2,3,2,2005,13.09,0,0,2.0,3442462
629.0,2,2,1,2022,21.73,0,0,9.0,3975093
1754.0,3,4,2,1997,9.94,0,1,5.0,5560152
1638.0,2,3,2,2019,14.28,1,0,8.0,5912676
2167.0,3,3,1,2005,14.85,0,0,10.0,6102779
2133.0,3,3,2,1995,16.74,0,0,8.0,5603124
1196.0,3,4,1,2022,18.41,0,0,4.0,4505355
1933.0,4,4,2,1997,12.52,0,1,2.0,5149632
2146.0,3,4,1,2004,21.65,0,1,9.0,6263948
1950.0,4,4,1,1990,11.03,1,0,9.0,6447060
512.0,1,2,2,2022,3.55,1,0,5.0,3510421
1247.0,2,2,1,2017,18.77,1,0,5.0,4258380
1808.0,3,4,2,1998,19.07,1,0,10.0,6348290
1701.0,3,3,2,2008,24.78,0,0,3.0,4271838
,2,2,3,2010,21.29,1,0,1.0,3329585
1396.0,3,3,2,2004,21.84,1,1,10.0,4893079
1123.0,3,3,1,2023,22.01,0,0,1.0,3449254
2104.0,4,4,1,2024,3.66,1,0,2.0,5880778
1982.0,4,4,1,2011,16.85,1,0,10.0,6398815
1538.0,2,2,1,2011,19.66,0,0,8.0,5145602
890.0,2,3,1,2021,11.0,1,0,8.0,4740937
1562.0,2,3,2,1993,21.41,0,0,7.0,4522165
695.0,2,3,1,2014,3.66,0,0,6.0,3614086
1344.0,3,4,1,2007,19.5,1,1,4.0,4757031
1815.0,3,4,1,2004,1.25,1,0,9.0,6069628
1060.0,1,2,1,1990,11.24,1,1,9.0,4693432
2310.0,5,4,1,2014,9.04,0,1,7.0,6500000
2250.0,5,4,1,2002,4.79,1,0,10.0,6500000
1958.0,4,4,1,1999,13.85,1,0,,6308741
562.0,2,2,3,2002,13.54,0,0,4.0,2936702
510.0,1,2,1,1991,17.39,0,1,8.0,3408363
944.0,1,2,2,1993,3.7,1,0,2.0,3831140
1958.0,4,4,2,2000,1.19,0,0,3.0,5941182
873.0,2,2,1,2014,6.48,1,1,5.0,4183615
2228.0,5,4,2,2007,13.15,0,0,7.0,6500000
550.0,1,1,2,2004,18.32,0,0,10.0,3331236
2429.0,5,4,2,2017,12.72,0,0,1.0,5950793
1576.0,3,3,1,1994,11.41,1,1,7.0,5313225
1724.0,4,4,3,2005,12.99,1,0,6.0,5710054
1297.0,2,2,2,1994,6.03,1,0,3.0,4387281
524.0,1,1,1,2023,6.94,1,0,4.0,3405891
812.0,1,1,1,2016,14.51,0,1,3.0,3165876
1337.0,2,2,1,1996,20.28,1,0,5.0,3996164
2000.0,3,3,1,2020,18.2,0,1,6.0,5398943
1216.0,3,4,1,2014,2.8,1,0,3.0,4631679
820.0,2,2,1,2016,8.16,1,0,3.0,3755929
2336.0,4,4,1,2021,19.64,1,0,2.0,5941622
1828.0,4,4,1,2016,11.85,0,0,8.0,5893127
912.0,1,1,1,1996,18.28,0,0,9.0,3857956
1636.0,3,3,2,1998,23.62,0,0,8.0,5199561
504.0,1,1,1,1995,1.83,1,1,5.0,3475580
1106.0,2,2,2,2024,3.88,1,0,1.0,4272930
506.0,1,2,1,1990,4.48,1,0,6.0,3229538
2295.0,5,4,1,2015,18.33,0,0,9.0,6500000
1805.0,4,4,2,1990,13.3,1,1,8.0,6068478
813.0,2,3,2,2017,4.09,1,1,1.0,3631855
2048.0,4,4,1,2006,18.96,0,1,3.0,5814621
1719.0,3,3,3,2007,6.37,1,0,4.0,5018267
2171.0,4,4,1,2007,21.28,1,0,6.0,5918882
870.0,2,2,2,2013,2.11,1,0,4.0,3674029
554.0,1,2,1,2007,21.3,1,0,3.0,2573811
1422.0,3,3,1,2012,5.12,0,0,1.0,4472103
672.0,2,2,2,2009,23.28,0,1,3.0,3455036
1552.0,3,3,1,2021,9.26,1,0,5.0,5134200
1208.0,2,2,2,2024,18.98,1,0,10.0,5096918
1930.0,3,4,1,2024,7.38,1,1,10.0,6500000
1086.0,1,2,1,2021,21.6,1,0,2.0,3621511
895.0,1,1,2,2005,10.75,0,0,2.0,3086940
1010.0,1,2,2,1996,17.68,1,1,4.0,3555768
603.0,2,2,1,2017,2.76,0,0,4.0,3503285
1508.0,2,3,1,1990,8.31,1,1,9.0,5244070
1192.0,3,4,1,2013,20.99,0,0,1.0,3450070
2274.0,5,4,2,2017,7.78,0,1,1.0,6016198
2452.0,4,4,1,2001,1.35,1,1,10.0,6500000
1576.0,3,4,2,1994,20.19,0,0,10.0,5392871
1599.0,3,3,2,2016,21.49,1,0,10.0,5339990
541.0,1,1,1,1990,15.17,0,0,6.0,2885944
2353.0,5,4,1,2007,21.22,1,1,4.0,6394451
1608.0,3,4,1,2000,23.26,0,0,4.0,4694425
1471.0,2,2,1,2010,23.41,1,0,10.0,4761238
1508.0,2,3,1,2006,9.55,1,0,2.0,4155483
1776.0,3,4,2,2005,14.77,1,0,4.0,5155564
2182.0,3,3,1,2012,14.18,1,1,2.0,5298323
,2,2,1,2014,13.28,1,0,9.0,4946219
1907.0,4,4,1,2021,4.09,1,1,5.0,6158180
681.0,1,1,1,2004,20.31,1,0,10.0,3753174
1066.0,1,2,2,2010,18.11,1,0,5.0,3536641
2384.0,5,4,1,1998,24.23,1,0,1.0,5476655
1846.0,3,4,1,1992,19.81,1,0,1.0,4357176
653.0,1,2,1,2014,2.07,0,1,1.0,3096674
500.0,1,2,1,2018,14.71,0,0,2.0,2388405
1736.0,3,4,3,2007,23.47,1,1,3.0,4586775
1366.0,3,3,1,2010,21.17,1,1,7.0,4621630
1405.0,2,2,1,1996,2.52,0,0,3.0,4204419
1063.0,2,2,1,2012,11.9,0,0,9.0,4455028
564.0,2,2,2,2005,21.41,0,0,8.0,3627698
1668.0,4,4,2,2024,12.86,1,1,10.0,6500000
1582.0,2,3,1,2010,8.89,1,1,7.0,5327363
676.0,2,2,1,1998,16.5,1,0,3.0,3318002
2079.0,3,3,1,1996,16.21,1,0,4.0,5448863
2219.0,5,4,1,2005,18.55,0,0,5.0,5868195
2029.0,3,3,3,1990,12.21,1,0,1.0,5362677
508.0,1,2,3,1998,21.93,1,0,4.0,2733431
501.0,1,1,1,2010,12.8,1,0,1.0,2445794
2103.0,4,4,2,2017,21.0,1,1,6.0,6288105
1446.0,2,3,1,2010,10.36,1,0,1.0,4262325
1127.0,3,3,2,1999,7.12,1,0,6.0,4714860
1435.0,3,3,2,2022,13.65,1,0,4.0,4777612
2208.0,4,4,1,2006,9.35,1,0,2.0,5544146
2219.0,4,4,1,2010,16.06,0,1,1.0,5355844
1262.0,2,2,1,2013,3.59,0,1,7.0,4945834
,4,4,2,2017,22.69,1,1,9.0,6129646
1609.0,3,3,1,1997,2.3,1,0,1.0,4623730
1706.0,3,4,1,2005,8.75,0,1,8.0,5449199
2417.0,5,4,2,2008,1.07,1,0,7.0,6500000
2334.0,5,4,2,1999,24.64,0,1,8.0,6354768
954.0,1,2,1,2008,10.03,0,0,7.0,4035944
1815.0,4,4,2,1993,18.83,1,0,4.0,5148182
1797.0,4,4,2,2017,20.24,1,0,3.0,5066098
2376.0,5,4,2,2001,2.53,1,0,6.0,6500000
587.0,1,1,2,2010,13.18,1,1,1.0,2805696
2352.0,5,4,1,2004,13.53,0,1,9.0,6500000
987.0,2,2,1,1992,10.58,0,0,7.0,4047023
1427.0,3,3,2,1995,18.83,1,1,6.0,4427643
1756.0,3,4,2,2004,2.71,0,0,2.0,5130556
1294.0,3,4,1,1999,18.76,1,0,10.0,5297714
1622.0,2,3,1,2014,9.98,0,0,2.0,4024729
2222.0,5,4,3,2023,11.74,1,1,5.0,6392862
1542.0,3,4,1,1991,17.35,1,0,5.0,4772413
1270.0,2,3,2,2023,20.34,0,0,1.0,3955577
1938.0,3,4,1,2001,11.49,1,0,7.0,5737395
1869.0,4,4,3,2008,20.63,1,1,8.0,6289150
2420.0,5,4,1,2004,16.14,1,0,8.0,6500000
784.0,1,1,1,1990,21.53,0,0,7.0,3352138
951.0,1,1,1,2011,8.5,1,0,3.0,3565209
884.0,2,3,2,2008,5.14,1,0,4.0,4281443
942.0,2,2,2,1992,7.17,1,0,9.0,4802231
1762.0,4,4,2,2007,3.84,0,1,2.0,5192636
610.0,2,2,2,2004,16.04,1,1,10.0,4237847
664.0,2,3,1,2014,1.45,1,1,4.0,4103203
919.0,2,3,1,1997,2.42,1,1,6.0,4025143
1459.0,3,3,2,2011,14.32,1,1,7.0,5215539
1576.0,3,3,1,1994,11.41,1,1,7.0,5313225
1447.0,2,3,2,2004,17.45,0,0,3.0,4376950
1819.0,3,3,1,2013,20.77,1,1,3.0,5180012
1756.0,3,3,1,2009,24.91,0,0,6.0,5122434
2117.0,3,4,1,2000,10.42,0,1,7.0,5908733
1520.0,2,2,1,2001,21.72,1,0,7.0,4969830
1429.0,2,3,1,2012,22.51,0,1,9.0,5055773
1819.0,4,4,2,2000,19.54,0,0,3.0,5102984
1226.0,3,3,1,2005,9.39,0,0,5.0,4451551
1635.0,2,3,1,1997,9.83,1,0,8.0,5424019
1189.0,2,3,1,1991,1.88,1,0,3.0,4220862
1016.0,1,2,1,1992,14.59,0,0,6.0,3839403
1497.0,3,4,2,2019,10.57,1,0,9.0,5889661
2023.0,4,4,2,2023,11.33,1,0,7.0,6400399
637.0,1,2,1,2002,24.57,1,0,2.0,2556784
1865.0,4,4,1,2019,17.55,1,0,2.0,5027094
1012.0,1,2,2,2016,17.03,1,0,3.0,3343299
562.0,1,1,1,2010,4.25,1,1,5.0,3595354
1294.0,2,2,1,2006,22.17,0,0,8.0,4629064
1087.0,1,2,2,2024,17.42,1,1,1.0,3769243
1833.0,3,3,2,2010,16.78,1,0,4.0,4853193
1313.0,3,4,2,2008,18.9,1,1,8.0,5290454
1237.0,2,2,2,2007,24.96,0,1,5.0,6400000
984.0,1,1,2,2007,21.71,1,0,4.0,3367103
521.0,1,1,1,2010,8.35,1,1,8.0,3733376
2218.0,5,4,2,1991,20.34,0,0,5.0,5862739
2466.0,5,4,1,2002,20.91,1,0,3.0,5820154
2388.0,5,4,1,2002,20.12,1,0,2.0,5646267
1538.0,3,4,2,2020,16.36,1,1,5.0,5477045
695.0,2,3,1,2014,3.66,0,0,6.0,3614086
1284.0,2,3,1,2016,9.2,1,0,10.0,4994288
1521.0,3,4,2,1999,14.19,1,0,8.0,5077681
1153.0,3,3,1,2010,14.98,1,1,2.0,3724549
2183.0,3,4,1,1997,5.31,0,0,7.0,6248413
1069.0,2,2,1,1991,1.44,0,0,6.0,4359991
2034.0,3,4,1,2011,3.66,1,1,2.0,5639258
2048.0,3,3,2,2010,15.46,1,1,7.0,5980354
1748.0,3,4,2,2004,20.33,1,1,1.0,4706561
1982.0,4,4,3,2023,8.44,1,1,5.0,6238247
2360.0,5,4,2,2010,2.85,1,1,2.0,6384167
2182.0,3,3,1,2000,20.62,1,1,3.0,5348002
553.0,2,2,1,2009,24.36,1,0,5.0,2960685
2264.0,5,4,1,2011,14.61,0,1,6.0,6450432
2097.0,3,4,2,2020,6.67,0,0,1.0,5806237
1087.0,1,1,2,2021,24.67,1,0,8.0,4095224
2185.0,4,4,3,1991,15.46,1,0,1.0,5508602
1496.0,2,2,2,1997,3.28,1,0,2.0,4641546
1540.0,2,2,2,1990,12.99,1,1,10.0,5662595
1314.0,3,3,1,2016,4.0,1,1,8.0,5522381
594.0,2,3,1,2019,8.14,1,0,7.0,4279511
2455.0,4,4,1,2007,9.68,0,0,8.0,6240695
1133.0,3,4,1,2003,17.11,0,0,6.0,4403588
2103.0,3,3,1,1995,20.38,1,0,3.0,5238320
919.0,2,2,1,2005,11.06,0,0,3.0,3340585
1163.0,2,3,1,1994,13.25,0,1,6.0,4060046
649.0,1,2,1,2023,20.5,1,0,3.0,3337429
749.0,2,3,1,1991,4.28,1,1,6.0,4244084
1268.0,3,3,1,1996,8.79,0,0,1.0,3729304
1283.0,3,3,1,1996,7.33,1,1,6.0,4732576
706.0,1,2,1,2004,21.61,1,0,3.0,3110203
627.0,1,1,1,2011,9.6,0,0,3.0,3055611
1368.0,3,3,2,1998,21.27,0,1,9.0,5158450
1351.0,2,3,1,1991,4.57,0,1,7.0,5055371
2045.0,3,4,1,2021,4.04,0,0,4.0,6042890
2394.0,4,4,1,2013,18.62,1,0,4.0,6214050
2186.0,4,4,2,2002,11.2,0,1,2.0,5791332
735.0,2,3,2,1994,19.46,0,0,6.0,3279226
1017.0,1,2,3,2016,12.52,1,1,1.0,3584424
2292.0,5,4,1,2010,,0,1,4.0,6206619
1133.0,3,3,1,2024,14.67,0,1,8.0,4781061
1598.0,2,3,1,2001,9.91,1,0,10.0,5958226
1209.0,2,3,1,1993,15.16,1,0,1.0,3441991
1832.0,4,4,1,2001,3.57,1,0,3.0,5420732
1003.0,1,2,2,1994,16.62,0,0,5.0,3849599
2352.0,5,4,2,2018,2.54,1,0,7.0,6500000
2036.0,4,4,1,2020,7.53,1,1,1.0,5489912
1791.0,4,4,1,1999,18.38,0,0,9.0,5406817
1853.0,4,4,1,2011,17.29,0,0,4.0,5068391
2390.0,5,4,2,2004,18.06,1,0,3.0,6224053
903.0,2,2,1,2008,1.27,1,1,3.0,4335783
2087.0,4,4,2,1999,14.37,1,1,9.0,6398079
1100.0,2,2,2,1992,20.57,1,0,10.0,4574772
1680.0,4,4,2,2005,3.35,1,0,9.0,6182333
2234.0,4,4,1,2016,16.66,1,0,10.0,6500000
,3,4,2,2013,8.5,0,0,8.0,5068244
2370.0,5,4,1,1993,1.47,1,0,6.0,6500000
517.0,1,1,2,1991,9.56,0,1,6.0,3073125
1564.0,2,2,2,2015,21.9,1,1,9.0,5147344
1089.0,1,1,2,1994,12.74,1,0,10.0,4837289
1850.0,3,3,1,1995,20.1,1,0,3.0,4735940
1629.0,3,4,1,2006,22.12,1,0,10.0,5351563
1942.0,3,4,1,1997,1.11,0,0,3.0,5172153
2085.0,4,4,1,2007,21.78,1,1,8.0,5940066
977.0,2,3,2,2001,10.15,1,0,,4839083
1872.0,4,4,2,2012,11.52,0,0,3.0,2000000
1418.0,3,4,1,2001,18.17,0,0,9.0,5345584
2035.0,3,4,1,2013,20.24,0,0,6.0,5563719
1378.0,3,4,1,1991,22.3,1,1,5.0,4205094
2024.0,4,4,1,2006,2.34,1,0,3.0,5731373
1546.0,3,3,1,2019,6.38,1,0,7.0,5499018
2358.0,5,4,1,2013,7.92,0,1,4.0,6500000
1352.0,3,4,1,2012,3.28,1,0,4.0,4968951
683.0,2,3,1,2007,22.55,0,1,3.0,3128374
814.0,1,2,2,2023,21.13,0,0,10.0,4297105
1688.0,3,4,1,2020,14.98,1,1,4.0,4946442
1506.0,2,2,1,2000,3.24,1,1,7.0,5025179
632.0,1,2,1,2009,19.32,1,0,8.0,3143655
